/* Описание курсового проекта
 * База данных "University" состоит из 10 таблиц:
 * Факультеты (faculties), Студенты (students),Профили студентов(profiles), Группы (groups), Справочник студент-группа (students_groups),
 * Преподаватели(professors), Занятия (Lessons), Предметы (subjects), оценки (marks), кабинеты(classrooms) 
 */
DROP DATABASE IF EXISTS university;
CREATE DATABASE university;
USE university;

DROP TABLE IF EXISTS faculties;
CREATE TABLE faculties(
	id SERIAL PRIMARY KEY,
	name VARCHAR(255) NOT NULL,
	abbreviation VARCHAR(255) NOT NULL
);

INSERT INTO faculties (name, abbreviation)
 VALUES ('Institute of Geology and Petroleum Technologies', 'IGPT'),
('Institute of Fundamental Medicine and Biology', 'IFMB'),
('Institute of Environmental Sciences', 'IES'),
('Alexander Butlerov Institute of Chemistry', 'IC'),
('Higher School of Information Technologies and Information Systems', 'HSITTS'),
('Institute of Engineering', 'IE'),
('Institute of Computational Mathematics and Information Technologies', 'ICMIT'),
('I. Lobachevsky Institute of Mathematics and Mechanics', 'IMM'),
('Institute of Physics', 'IP'),
('Faculty of Law', 'FL'),
('Institute of International Relations, History and Oriental Studies', 'IIRHO');


DROP TABLE IF EXISTS students;
CREATE TABLE students (
  id SERIAL PRIMARY KEY,
  firstname varchar(50) NOT NULL,
  lastname varchar(50) NOT NULL,
  email VARCHAR(200) UNIQUE NOT NULL,
  phone BIGINT UNSIGNED UNIQUE NOT NULL,
  is_deleted bit default 0,
  INDEX index_user_name(firstname,lastname)
 );

INSERT INTO `students` (`id`, `firstname`, `lastname`, `email`, `phone`, `is_deleted`) 
VALUES ('1', 'Eliezer', 'Bartoletti', 'uzemlak@example.net', '9616746764', 0),
('2', 'Keaton', 'Green', 'janiya.reichert@example.org', '9849362495', 0),
('3', 'Tom', 'Rice', 'sienna29@example.com', '9913400923', 0),
('4', 'Erich', 'Terry', 'antonia47@example.com', '9426659654', 0),
('5', 'Sigrid', 'Berge', 'jhoppe@example.com', '9971772694', 0),
('6', 'Aniya', 'Paucek', 'glennie.mertz@example.org', '9041494045', 0),
('7', 'Beaulah', 'Koss', 'kmitchell@example.net', '9781215901', 0),
('8', 'Bethany', 'Rohan', 'gottlieb.gabriel@example.org', '9853323822', 0),
('9', 'Abigale', 'Gutkowski', 'meagan01@example.com', '9510043649', 0),
('10', 'Saul', 'Littel', 'zroob@example.net', '9984336277', 0),
('11', 'Adolphus', 'Terry', 'nrutherford@example.com', '9649050130', 1),
('12', 'Judy', 'Cummerata', 'glenna78@example.com', '9471211708', 0),
('13', 'Darrick', 'Casper', 'laurianne.friesen@example.com', '9799295613', 0),
('14', 'Michel', 'Sawayn', 'yhowe@example.com', '9123206051', 0),
('15', 'Corbin', 'Bins', 'gerhard34@example.net', '9957034410', 0),
('16', 'Pascale', 'Stroman', 'gleichner.ashtyn@example.com', '9686560072', 0),
('17', 'Randall', 'Jaskolski', 'grant.finn@example.com', '9681582289', 0),
('18', 'Alexandria', 'Green', 'zander56@example.com', '9056848332', 0),
('19', 'Esta', 'Schinner', 'amy76@example.com', '9947763659', 0),
('20', 'Emilia', 'Braun', 'gwelch@example.com', '9978210389', 0),
('21', 'Frederik', 'Swift', 'andy.labadie@example.org', '9046863695', 0),
('22', 'Waino', 'Schaden', 'cassie.crist@example.org', '9673484154', 1),
('23', 'Nicolas', 'Gibson', 'nicolas.rhiannon@example.org', '9530260844', 0),
('24', 'Peter', 'Wilderman', 'beaulah45@example.org', '9481891785', 0),
('25', 'Tre', 'Berge', 'cyundt@example.org', '9069644666', 0),
('26', 'Joe', 'Torphy', 'champlin.lillie@example.net', '9631085916', 0),
('27', 'Leo', 'Jast', 'bfunk@example.com', '9033386309', 0),
('28', 'Henry', 'McLaughlin', 'robert.monahan@example.org', '9017078655', 0),
('29', 'Rose', 'Cremin', 'gleichner.adriana@example.com', '9267334108', 0),
('30', 'Jakayla', 'Considine', 'panderson@example.net', '9712474447', 1),
('31', 'Tillman', 'O\'Keefe', 'cfunk@example.com', '9150812744', 0),
('32', 'Efren', 'Barrows', 'summer.lebsack@example.org', '9051629733', 0),
('33', 'Raymond', 'Runolfsson', 'nlehner@example.org', '9429347270', 0),
('34', 'Kurtis', 'Balistreri', 'lubowitz.ivah@example.com', '9146170005', 0),
('35', 'Jaeden', 'Ondricka', 'effertz.mallie@example.net', '9225901016', 0),
('36', 'Alexa', 'Strosin', 'hilll.francisco@example.net', '9871432189', 0),
('37', 'Oda', 'Buckridge', 'ebode@example.org', '9418467482', 0),
('38', 'Alessandro', 'Bayer', 'pouros.hortense@example.org', '9935961714', 0),
('39', 'Twila', 'Jacobs', 'denesik.brennon@example.net', '9568985127', 0),
('40', 'Amelie', 'Feil', 'pouros.domingo@example.com', '9196292962', 0),
('41', 'Fannie', 'Conn', 'koch.stanley@example.com', '9198241275', 0),
('42', 'Marcellus', 'Pacocha', 'garnet.graham@example.org', '9295182107', 0),
('43', 'Arnaldo', 'VonRueden', 'emorar@example.com', '9798065834', 0),
('44', 'Jade', 'Fritsch', 'jacky12@example.net', '9462175704', 0),
('45', 'Tamara', 'Fadel', 'gloria.hettinger@example.org', '9596824972', 0),
('46', 'Jaydon', 'Blick', 'lempi53@example.net', '9744528265', 0),
('47', 'Jazmin', 'Jacobson', 'stephania.pfeffer@example.net', '9851039180', 0),
('48', 'Ryann', 'Cartwright', 'stracke.deshaun@example.org', '9376594713', 0),
('49', 'Macey', 'Kuhic', 'jlegros@example.com', '9796086470', 0),
('50', 'Reuben', 'Funk', 'torphy.aurelia@example.net', '9935284083', 0),
('51', 'Zetta', 'Lind', 'spollich@example.com', '9057595662', 0),
('52', 'Garnett', 'Vandervort', 'theresia67@example.com', '9702604820', 0),
('53', 'Carlo', 'Davis', 'mante.alysson@example.com', '9786362610', 0),
('54', 'Tom', 'Hodkiewicz', 'hiram06@example.net', '9361451617', 0),
('55', 'Bo', 'Zulauf', 'green.mayra@example.net', '9222024112', 0),
('56', 'Brent', 'Strosin', 'rosalind98@example.org', '9375159685', 0),
('57', 'Adah', 'Marquardt', 'dboyer@example.net', '9544470319', 0),
('58', 'Ayana', 'Bogisich', 'easton.predovic@example.org', '9266728817', 0),
('59', 'Libby', 'Schultz', 'elfrieda.gulgowski@example.net', '9751879486', 0),
('60', 'Frederique', 'Cremin', 'leuschke.ralph@example.org', '9890967477', 0),
('61', 'Alisha', 'Hills', 'elaina92@example.com', '9547127188', 0),
('62', 'Terrance', 'Vandervort', 'daren26@example.net', '9569906826', 0),
('63', 'Tillman', 'Heathcote', 'rogahn.roma@example.net', '9738083814', 0),
('64', 'Freddy', 'Fadel', 'kovacek.lavern@example.net', '9067794847', 0),
('65', 'Beryl', 'Turcotte', 'dan.windler@example.com', '9639752847', 0),
('66', 'Dora', 'Senger', 'gfeil@example.net', '9119598516', 0),
('67', 'Elijah', 'McDermott', 'doyle.anthony@example.net', '9151375932', 0),
('68', 'Kaley', 'Boyle', 'claud.ernser@example.net', '9050653633', 0),
('69', 'Jarrett', 'Jaskolski', 'camilla.conn@example.net', '9658192983', 0),
('70', 'Sally', 'Koepp', 'xcummerata@example.com', '9414160227', 0),
('71', 'Lucile', 'Padberg', 'duane07@example.org', '9561131093', 0),
('72', 'Rafael', 'Gaylord', 'scarlett.collins@example.org', '9560691307', 0),
('73', 'Karolann', 'Williamson', 'swaniawski.marcella@example.com', '9458392791', 0),
('74', 'Dorthy', 'Maggio', 'narmstrong@example.com', '9726378659', 0),
('75', 'Alvah', 'Nader', 'milford.swift@example.com', '9325313541', 0),
('76', 'Savanah', 'Lang', 'waelchi.patience@example.com', '9856181107', 0),
('77', 'Carter', 'Boyer', 'istrosin@example.com', '9805840781', 0),
('78', 'Cleveland', 'Kuphal', 'simonis.antone@example.com', '9120535339', 0),
('79', 'Cyril', 'Ryan', 'xkrajcik@example.net', '9324723897', 0),
('80', 'Vance', 'Harvey', 'enrico.price@example.net', '9069157436', 0),
('81', 'Dorothy', 'VonRueden', 'delores95@example.org', '9833665496', 0),
('82', 'Alford', 'Conroy', 'hmertz@example.org', '9810428805', 0),
('83', 'Ottis', 'Feil', 'domenica.ortiz@example.com', '9074769659', 1),
('84', 'Adella', 'Hayes', 'wlittle@example.com', '9590995388', 0),
('85', 'Ettie', 'Green', 'antonetta78@example.org', '9661666913', 0),
('86', 'Jalyn', 'Feil', 'hkuhlman@example.com', '9012765605', 0),
('87', 'Hildegard', 'Rohan', 'torphy.stefan@example.org', '9170135509', 0),
('88', 'Elnora', 'Walsh', 'emilio56@example.org', '9897875774', 0),
('89', 'Kim', 'Hoppe', 'keaton.dooley@example.net', '9485102077', 0),
('90', 'Aleen', 'Ferry', 'jwehner@example.com', '9207998034', 0),
('91', 'Cindy', 'Wisozk', 'mwilderman@example.com', '9426072951', 0),
('92', 'Angelica', 'Bauch', 'janet14@example.com', '9819155768', 0),
('93', 'Willa', 'Murray', 'narciso.marks@example.org', '9144612528', 0),
('94', 'Javier', 'Steuber', 'lucie39@example.net', '9523048279', 0),
('95', 'Jordi', 'Considine', 'schumm.jannie@example.com', '9621562299', 0),
('96', 'Dewitt', 'Pfeffer', 'parisian.deron@example.com', '9214308131', 0),
('97', 'Otis', 'Lowe', 'flo.hickle@example.org', '9425511096', 0),
('98', 'Al', 'Kautzer', 'kraig.hilpert@example.net', '9199565273', 0),
('99', 'Elenor', 'Roob', 'sharvey@example.net', '9290803514', 0),
('100', 'Gust', 'Balistreri', 'gus52@example.org', '9531665761', 0),
('101', 'Geovanni', 'Boyle', 'cbalistreri@example.net', '9284835296', 0),
('102', 'Kaleigh', 'Koepp', 'wbrakus@example.net', '9024381899', 0),
('103', 'Tevin', 'Boehm', 'schmeler.shanie@example.com', '9745148621', 0),
('104', 'Megane', 'Doyle', 'luciano39@example.net', '9236675501', 0),
('105', 'Krystina', 'Cormier', 'rau.alec@example.net', '9264493584', 0),
('106', 'Mark', 'Kuphal', 'abigale.hirthe@example.org', '9498985063', 0),
('107', 'Mose', 'Nikolaus', 'astehr@example.org', '9453982809', 0),
('108', 'Nick', 'Feeney', 'babshire@example.com', '9663873642', 0),
('109', 'Halle', 'Frami', 'donald88@example.org', '9575657352', 0),
('110', 'Erica', 'Watsica', 'lueilwitz.rosalyn@example.net', '9917324536', 0),
('111', 'Jordi', 'Kautzer', 'jones.malika@example.net', '9147279924', 0),
('112', 'Ashlee', 'Hyatt', 'anibal07@example.net', '9662089189', 0),
('113', 'General', 'Green', 'domingo30@example.com', '9236543694', 0),
('114', 'Carolanne', 'Bailey', 'josiane.mohr@example.org', '9378545852', 0),
('115', 'Jennifer', 'O\'Reilly', 'amely.batz@example.com', '9516484642', 0),
('116', 'Olin', 'Quitzon', 'vherzog@example.com', '9007462972', 0),
('117', 'Vivienne', 'Durgan', 'lessie68@example.net', '9414256602', 0),
('118', 'Loyce', 'Collins', 'blaze.schultz@example.net', '9503487952', 0),
('119', 'Fred', 'Bernhard', 'uryan@example.net', '9684717050', 0),
('120', 'Dario', 'D\'Amore', 'waltenwerth@example.com', '9654356054', 0),
('121', 'Carolina', 'Gerlach', 'twest@example.org', '9368822730', 0),
('122', 'Lexi', 'Ledner', 'lennie.davis@example.com', '9690465569', 0),
('123', 'Krista', 'Williamson', 'marquardt.vernon@example.net', '9288950945', 0),
('124', 'Jena', 'Hermann', 'bbarton@example.org', '9469199940', 0),
('125', 'Carolanne', 'Koelpin', 'marks.saul@example.net', '9304686589', 0),
('126', 'Raegan', 'Mraz', 'kuhn.tianna@example.net', '9597430454', 0),
('127', 'Roslyn', 'Robel', 'joshuah.ankunding@example.org', '9149321625', 0),
('128', 'Letitia', 'Gottlieb', 'alexane62@example.org', '9656271170', 0),
('129', 'Benedict', 'Fay', 'eleazar.stoltenberg@example.net', '9169083205', 0),
('130', 'Sherman', 'Gaylord', 'douglas73@example.net', '9927025829', 0),
('131', 'Daphne', 'Nitzsche', 'weimann.nia@example.net', '9426062080', 0),
('132', 'Scarlett', 'Effertz', 'kaya.thiel@example.net', '9988362585', 0),
('133', 'Jefferey', 'Ullrich', 'chaim.jacobson@example.org', '9626123220', 0),
('134', 'Laury', 'Sporer', 'torp.carmelo@example.net', '9828927911', 0),
('135', 'Zoila', 'Price', 'marty12@example.com', '9374401756', 0),
('136', 'Arlie', 'Pacocha', 'leo57@example.org', '9583271633', 0),
('137', 'Nash', 'Johnson', 'hyman16@example.com', '9956597132', 0),
('138', 'Everett', 'Kassulke', 'ole96@example.org', '9696158268', 0),
('139', 'Ella', 'Gorczany', 'loma.kozey@example.org', '9440238080', 0),
('140', 'Katlyn', 'Williamson', 'legros.ethyl@example.org', '9734805734', 0),
('141', 'Leland', 'Leannon', 'veronica.berge@example.org', '9460237136', 0),
('142', 'Reuben', 'Schmidt', 'glover.kirstin@example.org', '9035648074', 0),
('143', 'Lenna', 'Satterfield', 'schmidt.marisol@example.org', '9591290845', 0),
('144', 'Evelyn', 'Torphy', 'pacocha.melyssa@example.org', '9510376606', 0),
('145', 'Eduardo', 'Miller', 'jena.lindgren@example.com', '9662294357', 0),
('146', 'Ashton', 'Hilll', 'myrtice.welch@example.com', '9912467339', 0),
('147', 'Zaria', 'Yost', 'tyost@example.net', '9382773773', 0),
('148', 'Susan', 'Lebsack', 'adams.lionel@example.net', '9139282471', 0),
('149', 'Jazlyn', 'Raynor', 'violet36@example.com', '9869248906', 0),
('150', 'Garrison', 'Kunde', 'lorenza11@example.com', '9134087836', 1),
('151', 'Milo', 'Walsh', 'sophie.smith@example.net', '9109185175', 0),
('152', 'Eunice', 'Feest', 'wilson06@example.org', '9718052711', 0),
('153', 'Janis', 'Huel', 'ernest76@example.org', '9193029594', 0),
('154', 'Tyreek', 'Wisozk', 'nstamm@example.net', '9971459728', 0),
('155', 'Dana', 'Armstrong', 'ytowne@example.com', '9667291165', 0),
('156', 'Theodora', 'Will', 'rmosciski@example.com', '9808283651', 0),
('157', 'Madaline', 'Harvey', 'gerard46@example.com', '9303467427', 0),
('158', 'Alice', 'Kozey', 'cruickshank.adan@example.net', '9236744129', 0),
('159', 'Clementine', 'Bailey', 'balistreri.enrico@example.org', '9466900313', 0),
('160', 'Carolanne', 'Hickle', 'quinn.wilderman@example.com', '9852356971', 0),
('161', 'Marlen', 'Strosin', 'kcasper@example.net', '9525413000', 0),
('162', 'Maudie', 'Mann', 'katelin.schiller@example.net', '9887255873', 0),
('163', 'Kendall', 'Hermann', 'o\'kon.lurline@example.org', '9343860562', 0),
('164', 'Russell', 'Bergnaum', 'langworth.justice@example.net', '9439844732', 0),
('165', 'Noel', 'Sipes', 'astrid48@example.net', '9026139614', 0),
('166', 'Jamal', 'McKenzie', 'rbahringer@example.org', '9052318236', 0),
('167', 'Johathan', 'Aufderhar', 'piper69@example.org', '9584611483', 0),
('168', 'Dejah', 'Renner', 'winona.schamberger@example.com', '9210387098', 0),
('169', 'Joey', 'Larkin', 'katelynn49@example.net', '9667393211', 0),
('170', 'Jerel', 'Corkery', 'ykautzer@example.net', '9166836468', 0),
('171', 'Hettie', 'Emmerich', 'jennings57@example.com', '9290357043', 0),
('172', 'Vesta', 'Casper', 'ckonopelski@example.com', '9768481734', 0),
('173', 'Dewitt', 'Steuber', 'torey91@example.net', '9761813427', 0),
('174', 'Pierre', 'Jerde', 'ebarrows@example.net', '9413895704', 0),
('175', 'Alena', 'Wilkinson', 'bettie.zboncak@example.com', '9733574539', 0),
('176', 'Trystan', 'Pouros', 'austin75@example.net', '9465958982', 0),
('177', 'Kacey', 'Haley', 'oral81@example.com', '9002109588', 0),
('178', 'Leanne', 'Schuster', 'vlittel@example.net', '9266282397', 0),
('179', 'Lamar', 'Price', 'rhianna28@example.net', '9649441271', 0),
('180', 'Ayla', 'Gutkowski', 'guy15@example.net', '9365716557', 0),
('181', 'Emmanuelle', 'DuBuque', 'qleuschke@example.com', '9231169684', 0),
('182', 'Tod', 'Hayes', 'cmitchell@example.org', '9033647160', 0),
('183', 'Joaquin', 'Sipes', 'schmidt.barry@example.org', '9042752099', 0),
('184', 'Rusty', 'Jast', 'mdouglas@example.org', '9780503554', 0),
('185', 'Ivory', 'Pouros', 'lisette54@example.com', '9768308141', 0),
('186', 'Grant', 'Yundt', 'cjenkins@example.com', '9530276324', 0),
('187', 'Danika', 'Murazik', 'ibrahim14@example.org', '9224884187', 0),
('188', 'Assunta', 'Huel', 'mherman@example.org', '9835551660', 0),
('189', 'Samson', 'Cassin', 'pfannerstill.coy@example.org', '9839972543', 0),
('190', 'Pink', 'Cassin', 'jules.hartmann@example.org', '9032257108', 0),
('191', 'Zack', 'Hand', 'mina.wunsch@example.org', '9534152393', 0),
('192', 'Oma', 'Gleichner', 'tpacocha@example.com', '9396569503', 0),
('193', 'Mariela', 'Kautzer', 'turner98@example.org', '9979094563', 0),
('194', 'Timmothy', 'Rippin', 'ettie84@example.net', '9255549983', 0),
('195', 'Royal', 'Hegmann', 'fmorissette@example.com', '9047469853', 0),
('196', 'Yessenia', 'Larson', 'pmclaughlin@example.com', '9100383502', 0),
('197', 'Dorothea', 'Block', 'lmertz@example.org', '9183092604', 0),
('198', 'Muriel', 'Prohaska', 'johnson.odie@example.org', '9920801609', 0),
('199', 'Roy', 'Veum', 'elbert.gerlach@example.net', '9546153656', 0),
('200', 'Sanford', 'Jacobs', 'kmohr@example.org', '9896931991', 0);


DROP TABLE IF EXISTS profiles;
CREATE TABLE profiles (
	student_id SERIAL PRIMARY KEY,
    gender CHAR(1),
    birthday DATE,
	hometown VARCHAR(100),
    FOREIGN KEY (student_id) REFERENCES students(id) ON UPDATE CASCADE ON DELETE CASCADE
);

INSERT INTO profiles (student_id, gender, birthday, hometown) 
VALUES ('1', 'm', '1998-12-05', 'Lindmouth'),
('2', 'f', '1989-09-21', 'Mrazland'),
('3', 'f', '1984-08-04', 'Vellaside'),
('4', 'm', '1982-11-28', 'South Lizeth'),
('5', 'm', '1972-02-27', 'Lake Cruz'),
('6', 'f', '2004-06-21', 'Ritchiebury'),
('7', 'f', '1981-03-10', 'New Cotyhaven'),
('8', 'f', '1970-04-10', 'North Bella'),
('9', 'm', '2003-05-28', 'Port Vivianestad'),
('10', 'f', '1989-02-20', 'North Ruth'),
('11', 'f', '1972-12-04', 'Millstown'),
('12', 'f', '1982-04-01', 'New Tyler'),
('13', 'f', '1982-07-18', 'Diamondside'),
('14', 'm', '1996-06-11', 'Jadebury'),
('15', 'f', '2003-09-11', 'Lake Skyemouth'),
('16', 'm', '1975-12-12', 'Ashahaven'),
('17', 'f', '1993-10-17', 'Alfredobury'),
('18', 'f', '2000-11-01', 'New Ludieshire'),
('19', 'm', '1984-06-02', 'Crawfordmouth'),
('20', 'f', '1977-11-14', 'Lake Cliftonmouth'),
('21', 'm', '1971-03-25', 'North Noe'),
('22', 'f', '1980-12-04', 'South Madelineborough'),
('23', 'f', '1976-02-24', 'New Hal'),
('24', 'f', '1983-03-13', 'Rathberg'),
('25', 'f', '2001-08-19', 'East Mireyahaven'),
('26', 'f', '1983-03-05', 'New Demond'),
('27', 'm', '1971-05-14', 'East Norene'),
('28', 'm', '1982-10-16', 'Damionmouth'),
('29', 'f', '1971-03-05', 'New Reagan'),
('30', 'f', '1990-10-28', 'Reidton'),
('31', 'm', '1998-09-26', 'Gibsonland'),
('32', 'f', '1995-10-01', 'Paucekchester'),
('33', 'f', '1978-03-14', 'West Edenbury'),
('34', 'f', '1990-04-14', 'New Rosendo'),
('35', 'f', '1971-12-09', 'West Letafort'),
('36', 'm', '1974-08-10', 'Schultzberg'),
('37', 'f', '1997-08-28', 'Lake Fredericborough'),
('38', 'm', '1982-03-06', 'Mannshire'),
('39', 'm', '1994-11-15', 'Port Keyonchester'),
('40', 'm', '1983-09-01', 'Port Erling'),
('41', 'm', '1976-03-10', 'Elliotmouth'),
('42', 'f', '1990-02-17', 'Martymouth'),
('43', 'f', '1991-10-21', 'Maciemouth'),
('44', 'm', '1981-09-25', 'West Damian'),
('45', 'f', '1976-10-06', 'North Margaret'),
('46', 'f', '1987-04-20', 'Lockmanhaven'),
('47', 'm', '1977-01-25', 'South Raymundo'),
('48', 'f', '1994-10-17', 'Alethachester'),
('49', 'f', '1994-06-18', 'North Jayden'),
('50', 'f', '1991-01-03', 'West Kelly'),
('51', 'f', '1979-11-14', 'Volkmanfurt'),
('52', 'm', '1970-11-23', 'Tiffanyborough'),
('53', 'f', '1984-09-28', 'Hopefort'),
('54', 'm', '1979-05-21', 'New Reggieberg'),
('55', 'm', '1995-08-04', 'North Paolochester'),
('56', 'm', '1998-10-21', 'Waltonshire'),
('57', 'f', '1980-07-06', 'Lake Audiemouth'),
('58', 'f', '1989-08-06', 'South Margarettchester'),
('59', 'f', '1987-04-08', 'Nolatown'),
('60', 'm', '1980-06-23', 'East Harmony'),
('61', 'm', '2002-08-22', 'Valliebury'),
('62', 'm', '1978-08-31', 'Gutkowskifort'),
('63', 'f', '1986-05-08', 'New Reece'),
('64', 'm', '1984-03-21', 'East Issac'),
('65', 'f', '1974-02-24', 'New Laurel'),
('66', 'f', '1997-12-08', 'Spinkashire'),
('67', 'm', '1974-11-04', 'Erdmanbury'),
('68', 'm', '1973-04-27', 'Lake Ethyl'),
('69', 'm', '2004-12-30', 'Rowenachester'),
('70', 'm', '2002-10-02', 'Nikolausburgh'),
('71', 'f', '1975-12-24', 'South Amelie'),
('72', 'f', '1986-02-05', 'West Maychester'),
('73', 'f', '1991-03-31', 'New Glen'),
('74', 'm', '1986-03-15', 'Port Albin'),
('75', 'f', '1986-11-03', 'Port Kathleen'),
('76', 'f', '2001-07-10', 'Rempelburgh'),
('77', 'f', '1972-01-12', 'Susanaville'),
('78', 'm', '1992-06-24', 'Auroreborough'),
('79', 'f', '1988-06-30', 'North Myleneview'),
('80', 'f', '1993-08-19', 'Lake Carmela'),
('81', 'm', '1981-06-12', 'East Novellaview'),
('82', 'm', '1991-06-06', 'Port May'),
('83', 'm', '1982-07-16', 'East Adrienneview'),
('84', 'f', '1988-10-22', 'Mallieberg'),
('85', 'f', '1974-05-15', 'East Rodrigo'),
('86', 'm', '1981-01-23', 'Kreigerburgh'),
('87', 'f', '1980-02-01', 'Hansenside'),
('88', 'm', '1977-01-19', 'Hamillmouth'),
('89', 'm', '1971-01-25', 'Strosinview'),
('90', 'f', '1997-03-13', 'Kubfort'),
('91', 'f', '1972-08-09', 'Kuhlmanport'),
('92', 'f', '1996-03-17', 'Purdyton'),
('93', 'f', '1982-03-13', 'West Guadalupehaven'),
('94', 'f', '1990-09-07', 'Emilymouth'),
('95', 'm', '2003-09-28', 'Vadaburgh'),
('96', 'f', '2001-02-19', 'Port Vivianfurt'),
('97', 'm', '1979-09-10', 'Oberbrunnerborough'),
('98', 'f', '1970-02-08', 'Port Dale'),
('99', 'm', '2004-12-24', 'East Kayabury'),
('100', 'f', '1983-08-09', 'South Napoleonbury'),
('101', 'f', '2001-09-10', 'Lake Raymundoside'),
('102', 'm', '1997-12-15', 'Port Holly'),
('103', 'm', '1974-12-29', 'New Wilbershire'),
('104', 'f', '1979-04-15', 'Port Elmira'),
('105', 'f', '1975-04-25', 'South Christinebury'),
('106', 'f', '1980-03-05', 'Port D\'angelofurt'),
('107', 'f', '1989-06-25', 'North Kristianland'),
('108', 'f', '1971-05-13', 'New Mortonberg'),
('109', 'f', '1998-02-01', 'West Bernardburgh'),
('110', 'm', '1975-09-09', 'South Chaddville'),
('111', 'f', '2001-03-31', 'South Jefferey'),
('112', 'm', '1986-01-08', 'Port Thaddeus'),
('113', 'm', '1985-08-09', 'North Stacytown'),
('114', 'f', '2001-06-21', 'West Conrad'),
('115', 'f', '1971-04-05', 'Delmerview'),
('116', 'm', '1973-12-09', 'Haagburgh'),
('117', 'f', '1980-01-20', 'East Santa'),
('118', 'f', '1996-10-05', 'New Donato'),
('119', 'f', '1984-07-24', 'Lake Queenview'),
('120', 'm', '1980-12-27', 'O\'Connelltown'),
('121', 'f', '2003-02-17', 'Lake Darrintown'),
('122', 'm', '1975-11-24', 'New Lilahaven'),
('123', 'f', '1990-03-10', 'Maggiochester'),
('124', 'm', '1972-03-07', 'Evefurt'),
('125', 'f', '1986-05-26', 'Lake Amiya'),
('126', 'm', '1987-09-29', 'Lake Rowlandmouth'),
('127', 'm', '2001-12-29', 'Lake Nehaport'),
('128', 'f', '2002-02-03', 'Moisesport'),
('129', 'm', '1970-07-02', 'Lake Gracieton'),
('130', 'm', '1977-06-20', 'Erictown'),
('131', 'f', '1978-05-06', 'Dandreburgh'),
('132', 'm', '1990-03-16', 'Chelsieburgh'),
('133', 'f', '1978-02-22', 'Darrinberg'),
('134', 'f', '1995-01-26', 'West Orin'),
('135', 'f', '1984-01-24', 'Shannytown'),
('136', 'm', '1993-10-21', 'Emieview'),
('137', 'm', '1982-11-21', 'Auerton'),
('138', 'f', '1970-03-30', 'Sammyshire'),
('139', 'm', '1993-05-01', 'Bernhardshire'),
('140', 'f', '1995-03-09', 'New Rosemaryburgh'),
('141', 'm', '1998-12-23', 'Darrionport'),
('142', 'f', '1992-01-07', 'Godfreyville'),
('143', 'f', '1987-04-02', 'Larkinborough'),
('144', 'm', '1995-08-04', 'Lake Madeline'),
('145', 'm', '1998-03-30', 'Casperville'),
('146', 'f', '1987-06-15', 'North Electaport'),
('147', 'm', '1993-05-15', 'Pfefferfurt'),
('148', 'm', '2001-06-23', 'Gusikowskiside'),
('149', 'm', '1999-10-10', 'South Moshe'),
('150', 'm', '1978-05-12', 'Budbury'),
('151', 'm', '1970-05-23', 'Abernathyside'),
('152', 'm', '1995-03-21', 'Lake Khalid'),
('153', 'm', '1999-09-27', 'Port Jammiebury'),
('154', 'm', '1981-05-15', 'West Cyril'),
('155', 'f', '1988-08-28', 'Port Nicolas'),
('156', 'f', '1973-11-15', 'North Rebekastad'),
('157', 'f', '1993-06-29', 'Pollichfort'),
('158', 'm', '1973-05-17', 'Lake Horacio'),
('159', 'f', '1972-04-07', 'New Jimmy'),
('160', 'f', '1990-02-02', 'Port Clifford'),
('161', 'm', '2001-10-26', 'Auerton'),
('162', 'm', '1995-11-13', 'Thielfort'),
('163', 'f', '1994-03-25', 'West Janet'),
('164', 'm', '1977-06-02', 'Starkton'),
('165', 'f', '1976-04-30', 'Susieside'),
('166', 'm', '1976-10-24', 'Port Miltonside'),
('167', 'm', '2004-12-08', 'West Andreanneton'),
('168', 'm', '1983-07-14', 'North Kadenmouth'),
('169', 'f', '1998-10-30', 'Port Blake'),
('170', 'f', '1976-05-30', 'Cristland'),
('171', 'f', '1978-06-22', 'West Presleymouth'),
('172', 'm', '1979-05-26', 'Mozellstad'),
('173', 'f', '1989-09-21', 'Olsonmouth'),
('174', 'f', '1977-01-19', 'Nicholausborough'),
('175', 'f', '1996-02-27', 'Lake Generalmouth'),
('176', 'f', '1974-05-31', 'Lake Dixiefort'),
('177', 'f', '2000-03-05', 'West Zoey'),
('178', 'f', '2003-08-27', 'Leannonview'),
('179', 'f', '1991-06-27', 'New Antonia'),
('180', 'f', '1980-05-08', 'Kohlerland'),
('181', 'f', '1974-09-12', 'Krajcikton'),
('182', 'f', '1972-01-04', 'East Stan'),
('183', 'f', '1988-09-22', 'Schimmelland'),
('184', 'm', '1979-11-24', 'Marceloshire'),
('185', 'm', '1973-09-23', 'Lake Evabury'),
('186', 'f', '1990-08-22', 'Chesterberg'),
('187', 'f', '2001-04-13', 'North Lemuel'),
('188', 'f', '1999-04-05', 'New Dollymouth'),
('189', 'f', '1994-12-13', 'New Dorthystad'),
('190', 'm', '1971-06-05', 'Okunevahaven'),
('191', 'm', '1970-05-06', 'West General'),
('192', 'f', '1999-11-10', 'Christiansenport'),
('193', 'f', '1986-09-14', 'Port Irving'),
('194', 'm', '1982-11-16', 'Port Sarina'),
('195', 'm', '1999-03-27', 'Federicomouth'),
('196', 'm', '1996-12-14', 'South Maegan'),
('197', 'm', '1992-12-16', 'Amiraburgh'),
('198', 'f', '2000-08-10', 'East Ernesto'),
('199', 'f', '1995-03-17', 'Willmsville'),
('200', 'm', '1977-12-18', 'Camronport');

DROP TABLE IF EXISTS `professors`;
CREATE TABLE `professors` (
  id SERIAL PRIMARY KEY,
  firstname varchar(50) NOT NULL,
  lastname varchar(50) NOT NULL,
  faculties_id BIGINT UNSIGNED NOT NULL,
  email VARCHAR(200) UNIQUE NOT NULL,
  phone BIGINT UNSIGNED UNIQUE NOT NULL,
  INDEX index_user_name(firstname,lastname),
  FOREIGN KEY (faculties_id) REFERENCES faculties(id) ON UPDATE CASCADE ON DELETE CASCADE
);


INSERT INTO `professors` (`id`, `firstname`, `lastname`, `faculties_id`, `email`, `phone`) 
VALUES ('1', 'Ellis', 'Vandervort', '7', 'wunsch.laron@example.org', '9373246242'),
('2', 'Alena', 'Stracke', '1', 'ziemann.johnathon@example.com', '9136652214'),
('3', 'Troy', 'Koelpin', '3', 'edwina.osinski@example.net', '9726882779'),
('4', 'Courtney', 'Schuppe', '7', 'larry.kiehn@example.com', '9060048141'),
('5', 'Bernita', 'Rau', '7', 'vreilly@example.org', '9524462616'),
('6', 'Destiney', 'Hagenes', '11', 'betsy70@example.net', '9678513343'),
('7', 'Sunny', 'Borer', '5', 'sstark@example.net', '9460794218'),
('8', 'Stewart', 'Kilback', '10', 'orath@example.net', '9802395172'),
('9', 'Burdette', 'McGlynn', '9', 'leland04@example.net', '9269644583'),
('10', 'Daniela', 'Kerluke', '10', 'raleigh13@example.net', '9650282379'),
('11', 'Karson', 'Hudson', '8', 'hintz.leonor@example.org', '9425547048'),
('12', 'Layla', 'Heathcote', '7', 'candida.hudson@example.org', '9881054759'),
('13', 'Lon', 'Will', '9', 'cesar55@example.net', '9534142770'),
('14', 'Frieda', 'Trantow', '8', 'pacocha.benton@example.org', '9450515551'),
('15', 'Anais', 'Gulgowski', '2', 'nmccullough@example.org', '9791632961'),
('16', 'Alex', 'Kilback', '4', 'arianna.stamm@example.org', '9532222278'),
('17', 'Nickolas', 'Gleichner', '3', 'eldon70@example.org', '9883438445'),
('18', 'Gudrun', 'Casper', '9', 'gabriel97@example.net', '9379438515'),
('19', 'Lucie', 'Reichert', '10', 'arvel.pacocha@example.net', '9855155629'),
('20', 'Kiera', 'Reichel', '5', 'ekreiger@example.net', '9635089995'),
('21', 'Jacinthe', 'Pfannerstill', '5', 'lessie.dietrich@example.com', '9575183439'),
('22', 'Karelle', 'Kohler', '5', 'flubowitz@example.com', '9651382215'),
('23', 'Otis', 'Dare', '6', 'pcremin@example.net', '9138223927'),
('24', 'Elena', 'Adams', '9', 'amira.o\'keefe@example.org', '9494154425'),
('25', 'Adolfo', 'Kiehn', '6', 'rau.arnaldo@example.com', '9062479564'),
('26', 'Audrey', 'Mills', '5', 'eulah.bauch@example.com', '9624861290'),
('27', 'Katelyn', 'Goldner', '11', 'florencio.boehm@example.net', '9236846666'),
('28', 'Eugenia', 'Toy', '5', 'yadams@example.org', '9329347455'),
('29', 'Mark', 'Carter', '4', 'andy24@example.net', '9784395130'),
('30', 'Freda', 'Krajcik', '1', 'tatum56@example.net', '9663951562'),
('31', 'Carolanne', 'Bernier', '1', 'dane.schinner@example.net', '9973285842'),
('32', 'Xander', 'Kunde', '10', 'keaton.torphy@example.net', '9950532224'),
('33', 'Stanton', 'Carroll', '2', 'considine.claudine@example.com', '9540208859'),
('34', 'Amanda', 'Friesen', '4', 'lenny.mueller@example.net', '9454270844'),
('35', 'Alysson', 'Stracke', '6', 'estell10@example.org', '9238425182'),
('36', 'Kendra', 'Waters', '9', 'kweimann@example.org', '9603383345'),
('37', 'Kariane', 'Steuber', '3', 'watson.haley@example.org', '9145926726'),
('38', 'Kevin', 'Runolfsdottir', '11', 'bergnaum.jermain@example.com', '9309061712'),
('39', 'Vincent', 'Greenholt', '8', 'shane82@example.com', '9974069091'),
('40', 'Bo', 'Casper', '1', 'quitzon.gail@example.org', '9727298351'),
('41', 'Yesenia', 'Farrell', '10', 'sarina.streich@example.org', '9378709603'),
('42', 'Elda', 'Balistreri', '4', 'sydnie63@example.org', '9831829919'),
('43', 'Katarina', 'Dibbert', '7', 'ruth.leuschke@example.org', '9901677205'),
('44', 'Amalia', 'Wolff', '8', 'osmitham@example.net', '9382739495'),
('45', 'Evans', 'Kshlerin', '1', 'royce.pouros@example.net', '9221138413'),
('46', 'Candida', 'Trantow', '9', 'desmond.sipes@example.com', '9980708256'),
('47', 'Velma', 'Monahan', '11', 'jessy34@example.org', '9179177066'),
('48', 'Colin', 'Torp', '3', 'misty.homenick@example.net', '9781006776'),
('49', 'Katarina', 'Kihn', '7', 'qwisozk@example.com', '9923945787'),
('50', 'Althea', 'Boehm', '9', 'hulda.klein@example.com', '9919660837'),
('51', 'Nicolas', 'Hagenes', '7', 'pmaggio@example.org', '9746289735'),
('52', 'Tiara', 'Spinka', '1', 'curtis.murphy@example.net', '9042111250'),
('53', 'Virgie', 'Stracke', '3', 'mboehm@example.org', '9397331471'),
('54', 'Kavon', 'Mraz', '1', 'rhianna.witting@example.org', '9099460291'),
('55', 'Mariane', 'Ward', '9', 'treutel.chance@example.org', '9181482561'),
('56', 'Wallace', 'Kohler', '8', 'fbauch@example.com', '9264570076'),
('57', 'Selmer', 'Gerlach', '6', 'price.howe@example.org', '9769123845'),
('58', 'Madalyn', 'Sauer', '9', 'linnea93@example.org', '9635213039'),
('59', 'Emerson', 'Predovic', '1', 'orn.rosie@example.com', '9193054858'),
('60', 'Claude', 'O\'Keefe', '10', 'erin85@example.net', '9109393637'),
('61', 'Esther', 'Sawayn', '10', 'kamron.sporer@example.com', '9468667010'),
('62', 'Reuben', 'Corkery', '1', 'devyn49@example.org', '9231828587'),
('63', 'Noah', 'Hirthe', '9', 'lauryn.sporer@example.com', '9495686348'),
('64', 'Lavon', 'Glover', '11', 'eunice.carter@example.com', '9708188760'),
('65', 'Lenore', 'Keeling', '5', 'rebekah46@example.net', '9507057403'),
('66', 'Tamia', 'Macejkovic', '3', 'hhaley@example.org', '9265887182'),
('67', 'Elmira', 'Wiza', '9', 'lhoppe@example.org', '9933985213'),
('68', 'Karina', 'Fadel', '7', 'eulah.stracke@example.net', '9311939189'),
('69', 'Herbert', 'Gleichner', '3', 'kassulke.garth@example.com', '9771698185'),
('70', 'Lisa', 'Mann', '5', 'gloria.cremin@example.org', '9341320614'),
('71', 'Kris', 'Gleichner', '7', 'rippin.charlene@example.net', '9016713583'),
('72', 'Freeman', 'Bogisich', '1', 'xtreutel@example.com', '9639884143'),
('73', 'Dayne', 'Kirlin', '9', 'marlene16@example.com', '9800221214'),
('74', 'Elliot', 'Weber', '3', 'era26@example.com', '9664953052'),
('75', 'Dianna', 'Koch', '9', 'simonis.hayley@example.org', '9255156230'),
('76', 'Darien', 'Metz', '9', 'ofunk@example.org', '9952479752'),
('77', 'Tanya', 'Keeling', '11', 'elisabeth.mccullough@example.net', '9969352989'),
('78', 'Jaydon', 'Moen', '8', 'giovanna.langworth@example.net', '9221706994'),
('79', 'Ida', 'Vandervort', '11', 'cleora.friesen@example.org', '9590551094'),
('80', 'Pierce', 'Hintz', '6', 'ktowne@example.net', '9752383788'),
('81', 'Margaret', 'Smith', '6', 'hwaters@example.com', '9315662447'),
('82', 'Desiree', 'Hane', '7', 'senger.lou@example.net', '9388643374'),
('83', 'Christine', 'Rice', '7', 'anthony.wilkinson@example.net', '9193176111'),
('84', 'Nicolas', 'Lynch', '8', 'durgan.juanita@example.org', '9873728484'),
('85', 'Keira', 'Bednar', '8', 'imccullough@example.com', '9472428649'),
('86', 'Cullen', 'Stiedemann', '4', 'bertrand.hand@example.org', '9459266746'),
('87', 'Jessie', 'Thiel', '4', 'wiegand.annette@example.org', '9032541079'),
('88', 'Cara', 'Kiehn', '3', 'brain45@example.net', '9153515343'),
('89', 'Alberta', 'Nolan', '2', 'kelvin.rice@example.net', '9980149044'),
('90', 'Rosa', 'Lowe', '5', 'hamill.vanessa@example.org', '9695918067'),
('91', 'Bennett', 'Kerluke', '1', 'rath.rodrigo@example.com', '9940587333'),
('92', 'Brendan', 'Macejkovic', '1', 'ashtyn.stroman@example.org', '9321897070'),
('93', 'Kristy', 'Will', '6', 'ondricka.stephanie@example.com', '9367338543'),
('94', 'Trudie', 'Rempel', '9', 'cbarrows@example.org', '9101273727'),
('95', 'Verda', 'Daugherty', '1', 'zhermiston@example.org', '9361118336'),
('96', 'Angelo', 'Homenick', '10', 'watson83@example.com', '9566128564'),
('97', 'Lionel', 'Homenick', '1', 'carole74@example.com', '9862895037'),
('98', 'Alva', 'Johnson', '9', 'dahlia51@example.org', '9138089225'),
('99', 'Tania', 'Larson', '5', 'giovanna.legros@example.net', '9961518188'),
('100', 'Deion', 'Mante', '3', 'o\'conner.fabian@example.net', '9212189500');


DROP TABLE IF EXISTS `groups`;
CREATE TABLE `groups`(
	id SERIAL PRIMARY KEY,
	name VARCHAR(150),
	faculty_id BIGINT UNSIGNED,
	praepostor_id BIGINT UNSIGNED,
	curator_id BIGINT UNSIGNED,
	INDEX group_name_idx(name),
	FOREIGN KEY (faculty_id) REFERENCES faculties(id) ON UPDATE CASCADE ON DELETE SET NULL,
	FOREIGN KEY (praepostor_id) REFERENCES students(id) ON UPDATE CASCADE ON DELETE SET NULL,
	FOREIGN KEY (curator_id) REFERENCES professors(id) ON UPDATE CASCADE ON DELETE SET NULL	
);

INSERT INTO `groups` (`id`, `name`, `faculty_id`, `praepostor_id`, `curator_id`) VALUES ('1', '26-447', '2', '4', '36'),
('2', '99-325', '11', '48', '9'),
('3', '37-846', '8', '42', '77'),
('4', '90-510', '8', '150', '24'),
('5', '32-421', '3', '60', '91'),
('6', '92-019', '11', '133', '25'),
('7', '65-771', '2', '166', '64'),
('8', '53-949', '3', '175', '10'),
('9', '64-707', '1', '185', '93'),
('10', '98-961', '1', '143', '34'),
('11', '25-810', '4', '179', '36'),
('12', '19-233', '8', '162', '59'),
('13', '83-678', '9', '96', '80'),
('14', '70-951', '6', '27', '55'),
('15', '29-319', '9', '79', '85'),
('16', '40-829', '8', '66', '51'),
('17', '14-177', '11', '96', '34'),
('18', '24-911', '7', '137', '21'),
('19', '29-446', '8', '137', '14'),
('20', '68-350', '7', '149', '85'),
('21', '86-251', '10', '14', '74'),
('22', '29-630', '3', '150', '55'),
('23', '62-874', '10', '102', '3'),
('24', '43-954', '8', '8', '16'),
('25', '39-437', '3', '160', '55'),
('26', '59-831', '1', '95', '88'),
('27', '80-412', '6', '80', '36'),
('28', '51-323', '10', '190', '4'),
('29', '92-711', '1', '119', '73'),
('30', '04-289', '3', '33', '47'),
('31', '70-905', '1', '13', '54'),
('32', '28-581', '9', '64', '28'),
('33', '93-775', '4', '32', '79'),
('34', '19-479', '5', '160', '83'),
('35', '10-210', '6', '197', '63'),
('36', '15-178', '1', '4', '10'),
('37', '27-709', '11', '112', '50'),
('38', '39-538', '4', '87', '45'),
('39', '72-490', '4', '104', '4'),
('40', '15-791', '1', '147', '20'),
('41', '08-644', '6', '159', '26'),
('42', '77-164', '1', '118', '58'),
('43', '52-672', '4', '187', '74'),
('44', '33-264', '2', '60', '53'),
('45', '77-938', '11', '163', '52'),
('46', '61-589', '7', '176', '54'),
('47', '70-532', '8', '164', '9'),
('48', '44-656', '2', '22', '53'),
('49', '70-612', '7', '87', '4'),
('50', '78-542', '7', '97', '77'),
('51', '60-158', '9', '199', '56'),
('52', '39-207', '1', '7', '15'),
('53', '89-286', '8', '71', '8'),
('54', '83-288', '5', '91', '38'),
('55', '50-018', '10', '77', '20'),
('56', '52-965', '5', '186', '7'),
('57', '19-437', '11', '115', '89'),
('58', '14-438', '1', '142', '100'),
('59', '92-843', '7', '57', '43'),
('60', '00-490', '7', '179', '91'),
('61', '99-291', '4', '141', '90'),
('62', '05-629', '11', '154', '94'),
('63', '39-107', '1', '81', '29'),
('64', '96-584', '2', '155', '74'),
('65', '33-343', '6', '135', '12'),
('66', '85-385', '8', '18', '5'),
('67', '56-356', '9', '7', '62'),
('68', '78-840', '8', '13', '33'),
('69', '69-578', '8', '125', '61'),
('70', '93-717', '1', '43', '50'),
('71', '76-138', '11', '116', '20'),
('72', '83-453', '10', '100', '97'),
('73', '02-863', '10', '114', '38'),
('74', '66-986', '2', '144', '15'),
('75', '32-784', '10', '49', '82'),
('76', '66-782', '11', '191', '91'),
('77', '42-134', '1', '148', '94'),
('78', '30-088', '7', '82', '100'),
('79', '78-791', '11', '13', '62'),
('80', '34-680', '7', '30', '84'),
('81', '59-292', '1', '28', '42'),
('82', '80-666', '3', '6', '91'),
('83', '17-210', '3', '170', '48'),
('84', '93-241', '7', '191', '20'),
('85', '29-169', '9', '160', '44'),
('86', '92-454', '7', '151', '39'),
('87', '68-312', '5', '153', '13'),
('88', '93-246', '5', '77', '53'),
('89', '84-597', '5', '66', '60'),
('90', '33-100', '1', '177', '75'),
('91', '99-398', '10', '187', '89'),
('92', '08-296', '3', '36', '91'),
('93', '29-352', '2', '79', '76'),
('94', '89-058', '7', '196', '72'),
('95', '78-965', '10', '142', '51'),
('96', '11-204', '3', '52', '27'),
('97', '19-528', '8', '143', '3'),
('98', '39-169', '9', '21', '41'),
('99', '34-772', '4', '99', '74'),
('100', '63-084', '10', '100', '62');

DROP TABLE IF EXISTS students_group;
CREATE TABLE students_group(
	student_id BIGINT UNSIGNED NOT NULL,
	group_id BIGINT UNSIGNED NOT NULL,
  	PRIMARY KEY (student_id, group_id),
    FOREIGN KEY (student_id) REFERENCES students(id) ON UPDATE CASCADE ON DELETE CASCADE,
    FOREIGN KEY (group_id) REFERENCES `groups`(id) ON UPDATE CASCADE ON DELETE CASCADE
);

INSERT INTO `students_group` (`student_id`, `group_id`) 
VALUES ('2', '34'),
('3', '6'),
('4', '17'),
('4', '48'),
('5', '60'),
('6', '76'),
('7', '28'),
('8', '63'),
('8', '73'),
('10', '87'),
('12', '73'),
('12', '74'),
('15', '47'),
('16', '17'),
('16', '65'),
('20', '9'),
('20', '12'),
('21', '33'),
('21', '68'),
('21', '76'),
('21', '89'),
('22', '85'),
('22', '95'),
('23', '28'),
('24', '18'),
('25', '2'),
('25', '37'),
('26', '44'),
('27', '47'),
('28', '35'),
('28', '52'),
('29', '33'),
('29', '56'),
('30', '76'),
('31', '2'),
('31', '74'),
('32', '72'),
('35', '92'),
('36', '81'),
('38', '68'),
('39', '6'),
('39', '8'),
('41', '23'),
('41', '38'),
('42', '23'),
('43', '97'),
('44', '94'),
('48', '85'),
('50', '25'),
('51', '82'),
('52', '53'),
('54', '90'),
('55', '98'),
('57', '4'),
('58', '4'),
('58', '51'),
('58', '68'),
('58', '78'),
('59', '11'),
('59', '25'),
('60', '40'),
('62', '54'),
('62', '81'),
('63', '51'),
('64', '71'),
('65', '65'),
('65', '95'),
('67', '42'),
('69', '27'),
('69', '45'),
('73', '28'),
('73', '61'),
('73', '96'),
('75', '5'),
('75', '26'),
('75', '82'),
('76', '10'),
('77', '64'),
('78', '10'),
('78', '71'),
('80', '64'),
('82', '2'),
('82', '42'),
('83', '27'),
('83', '76'),
('84', '28'),
('84', '32'),
('85', '40'),
('86', '68'),
('87', '45'),
('88', '62'),
('94', '7'),
('95', '86'),
('97', '66'),
('97', '89'),
('98', '26'),
('98', '50'),
('98', '85'),
('100', '10'),
('100', '86'),
('101', '87'),
('104', '41'),
('105', '65'),
('105', '88'),
('105', '95'),
('106', '40'),
('107', '38'),
('107', '60'),
('108', '59'),
('109', '51'),
('109', '92'),
('110', '6'),
('111', '57'),
('112', '81'),
('114', '17'),
('115', '34'),
('115', '75'),
('118', '100'),
('119', '59'),
('119', '73'),
('121', '74'),
('123', '16'),
('126', '35'),
('126', '59'),
('126', '84'),
('127', '55'),
('128', '3'),
('129', '4'),
('129', '36'),
('130', '66'),
('131', '11'),
('132', '22'),
('133', '35'),
('134', '83'),
('136', '68'),
('137', '54'),
('138', '35'),
('139', '43'),
('139', '49'),
('139', '60'),
('140', '26'),
('140', '81'),
('141', '8'),
('141', '76'),
('144', '2'),
('146', '8'),
('146', '75'),
('147', '56'),
('148', '93'),
('149', '8'),
('149', '68'),
('150', '3'),
('150', '72'),
('151', '63'),
('152', '46'),
('153', '81'),
('153', '95'),
('154', '70'),
('156', '68'),
('156', '69'),
('157', '16'),
('157', '37'),
('161', '80'),
('162', '19'),
('162', '40'),
('167', '1'),
('167', '39'),
('167', '75'),
('168', '27'),
('168', '45'),
('169', '54'),
('171', '88'),
('173', '20'),
('175', '87'),
('175', '89'),
('176', '61'),
('176', '79'),
('177', '2'),
('177', '22'),
('178', '13'),
('179', '15'),
('180', '82'),
('181', '1'),
('181', '78'),
('182', '45'),
('182', '65'),
('182', '72'),
('187', '54'),
('188', '50'),
('188', '61'),
('193', '11'),
('193', '93'),
('195', '55'),
('196', '97'),
('198', '13'),
('199', '12'),
('199', '51'),
('199', '56'),
('199', '62'),
('200', '2');


DROP TABLE IF EXISTS subjects;
CREATE TABLE subjects(
	id SERIAL PRIMARY KEY,
	name VARCHAR(255) UNIQUE NOT NULL,
	abbreviation VARCHAR(150)UNIQUE NOT NULL
);

INSERT INTO `subjects` (`id`, `name`, `abbreviation`) VALUES ('1', 'Astronomy', 'ASTR'),
('2', 'Biology', 'BIOL'),
('3', 'Chemistry', 'CHEM'),
('4', 'Computer Science', 'CSCI'),
('5', 'Economics', 'ECON'),
('6', 'Environmental Science and Technology', 'EST'),
('7', 'History', 'HIST'),
('8', 'Physical Education', 'PHED'),
('9', 'Physics', 'PHYS'),
('10', 'Philosophy', 'PHIL'),
('11', 'Mathematics', 'MATH');


DROP TABLE IF EXISTS classrooms;
CREATE TABLE classrooms(
	id SERIAL PRIMARY KEY,
	faculties_id BIGINT UNSIGNED NOT NULL,
	adress VARCHAR(150) UNIQUE NOT NULL,
	FOREIGN KEY (faculties_id) REFERENCES faculties(id) ON UPDATE CASCADE ON DELETE CASCADE
);


INSERT INTO `classrooms` (`id`, `faculties_id`, `adress`) VALUES ('1', '5', '1-72'),
('2', '2', '1-19'),
('3', '9', '9-57'),
('4', '11', '0-51'),
('5', '10', '7-42'),
('6', '2', '0-60'),
('7', '1', '1-90'),
('8', '11', '8-62'),
('9', '6', '9-59'),
('10', '4', '8-57'),
('11', '4', '5-46'),
('12', '3', '5-32'),
('13', '10', '8-78'),
('14', '2', '0-77'),
('15', '11', '8-26'),
('16', '8', '0-42'),
('17', '2', '1-52'),
('18', '7', '4-70'),
('19', '11', '8-41'),
('20', '2', '1-70'),
('21', '10', '9-26'),
('22', '1', '7-10'),
('23', '1', '0-70'),
('24', '8', '0-11'),
('25', '1', '0-34'),
('26', '11', '8-39'),
('27', '9', '2-72'),
('28', '11', '7-27'),
('29', '7', '8-33'),
('30', '2', '7-83'),
('31', '2', '6-09'),
('32', '11', '9-09'),
('33', '3', '3-56'),
('34', '11', '1-59'),
('35', '10', '6-18'),
('36', '2', '4-87'),
('37', '2', '2-44'),
('38', '11', '4-54'),
('39', '1', '6-14'),
('40', '7', '5-33'),
('41', '4', '1-93'),
('42', '4', '4-05'),
('43', '10', '1-76'),
('44', '2', '3-17'),
('45', '6', '5-05'),
('46', '9', '2-29'),
('47', '9', '4-72'),
('48', '8', '4-58'),
('49', '5', '1-35'),
('50', '9', '1-91'),
('51', '10', '6-39'),
('52', '3', '0-13'),
('53', '9', '7-06'),
('54', '10', '7-34'),
('55', '11', '0-41'),
('56', '10', '5-76'),
('57', '9', '4-10'),
('58', '8', '0-90'),
('59', '10', '4-74'),
('60', '4', '4-76'),
('61', '10', '0-04'),
('62', '11', '6-28'),
('63', '4', '6-49'),
('64', '1', '2-77'),
('65', '11', '9-12'),
('66', '3', '3-33'),
('67', '3', '3-45'),
('68', '1', '1-11'),
('69', '2', '0-06'),
('70', '3', '4-66'),
('71', '8', '3-50'),
('72', '6', '7-25'),
('73', '7', '4-93'),
('74', '6', '5-44'),
('75', '7', '9-83'),
('76', '1', '5-09'),
('77', '4', '5-57'),
('78', '5', '1-38'),
('79', '9', '4-97'),
('80', '8', '8-23'),
('81', '2', '3-15'),
('82', '7', '4-41'),
('83', '11', '1-78'),
('84', '11', '7-46'),
('85', '5', '1-89'),
('86', '11', '5-48'),
('87', '9', '6-87'),
('88', '2', '7-32'),
('89', '7', '7-00'),
('90', '8', '5-84'),
('91', '6', '3-25'),
('92', '5', '3-26'),
('93', '8', '7-96'),
('94', '9', '4-23'),
('95', '6', '3-92'),
('96', '7', '2-87'),
('97', '1', '8-49'),
('98', '8', '8-97'),
('99', '8', '0-09'),
('100', '3', '6-83');


DROP TABLE IF EXISTS lessons;
CREATE TABLE lessons(
	id SERIAL PRIMARY KEY,
	lesson_date DATE NOT NULL,
	subject_id BIGINT UNSIGNED NOT NULL,
	group_id BIGINT UNSIGNED NOT NULL,
	professor_id BIGINT UNSIGNED NOT NULL,
  	classroom_id BIGINT UNSIGNED NOT NULL,
	FOREIGN KEY (subject_id) REFERENCES subjects(id) ON UPDATE CASCADE ON DELETE CASCADE,
    FOREIGN KEY (group_id) REFERENCES `groups`(id) ON UPDATE CASCADE ON DELETE CASCADE,
    FOREIGN KEY (professor_id) REFERENCES professors(id) ON UPDATE CASCADE ON DELETE CASCADE,
    FOREIGN KEY (classroom_id) REFERENCES classrooms(id) ON UPDATE CASCADE ON DELETE CASCADE
);


INSERT INTO `lessons` (`id`, `lesson_date`, `subject_id`, `group_id`, `professor_id`, `classroom_id`) 
VALUES ('1', '2020-02-11', '10', '71', '62', '78'),
('2', '2020-03-07', '4', '37', '46', '84'),
('3', '2020-01-14', '3', '60', '36', '74'),
('4', '2020-04-03', '5', '89', '33', '39'),
('5', '2020-12-14', '5', '4', '47', '22'),
('6', '2020-09-17', '6', '57', '54', '78'),
('7', '2020-11-10', '9', '42', '38', '56'),
('8', '2020-05-20', '2', '99', '30', '97'),
('9', '2020-04-03', '8', '92', '75', '100'),
('10', '2020-07-24', '4', '20', '83', '52'),
('11', '2020-12-26', '9', '18', '26', '24'),
('12', '2020-03-30', '1', '58', '63', '44'),
('13', '2020-12-25', '7', '9', '65', '10'),
('14', '2020-06-07', '8', '19', '87', '46'),
('15', '2020-10-20', '7', '25', '2', '73'),
('16', '2020-05-17', '3', '31', '70', '92'),
('17', '2020-06-08', '3', '45', '91', '50'),
('18', '2020-09-03', '8', '74', '1', '44'),
('19', '2020-03-15', '10', '26', '67', '97'),
('20', '2020-03-08', '10', '30', '40', '45'),
('21', '2020-06-09', '5', '5', '54', '2'),
('22', '2020-11-14', '3', '41', '48', '83'),
('23', '2020-10-07', '8', '49', '55', '88'),
('24', '2020-02-22', '9', '25', '79', '1'),
('25', '2020-05-23', '8', '69', '51', '34'),
('26', '2020-07-05', '5', '51', '77', '33'),
('27', '2020-09-11', '9', '44', '29', '60'),
('28', '2020-12-23', '8', '69', '4', '10'),
('29', '2020-05-28', '8', '58', '12', '95'),
('30', '2020-11-08', '11', '59', '77', '64'),
('31', '2020-05-23', '1', '32', '52', '88'),
('32', '2020-03-29', '7', '30', '89', '26'),
('33', '2020-04-12', '11', '39', '60', '41'),
('34', '2020-03-01', '10', '36', '74', '65'),
('35', '2020-12-10', '9', '3', '24', '52'),
('36', '2020-06-17', '8', '28', '61', '44'),
('37', '2020-10-22', '10', '73', '39', '84'),
('38', '2020-12-23', '4', '15', '48', '39'),
('39', '2020-01-17', '6', '99', '27', '4'),
('40', '2020-03-21', '4', '15', '29', '27'),
('41', '2020-07-02', '6', '88', '68', '42'),
('42', '2020-04-18', '3', '41', '6', '3'),
('43', '2020-07-13', '5', '30', '54', '14'),
('44', '2020-12-16', '7', '15', '57', '43'),
('45', '2020-08-19', '10', '95', '27', '18'),
('46', '2020-07-21', '2', '74', '57', '57'),
('47', '2020-01-14', '8', '83', '60', '100'),
('48', '2020-11-26', '11', '88', '26', '50'),
('49', '2020-08-23', '9', '93', '91', '100'),
('50', '2020-04-29', '4', '97', '2', '76'),
('51', '2020-02-08', '3', '55', '89', '84'),
('52', '2020-03-12', '8', '46', '27', '56'),
('53', '2020-10-14', '5', '53', '74', '50'),
('54', '2020-11-05', '3', '31', '6', '98'),
('55', '2020-01-19', '2', '65', '97', '11'),
('56', '2020-11-25', '6', '23', '60', '28'),
('57', '2020-09-21', '2', '51', '28', '50'),
('58', '2020-03-19', '6', '29', '25', '74'),
('59', '2020-09-30', '10', '14', '58', '53'),
('60', '2020-07-23', '7', '84', '9', '99'),
('61', '2020-01-05', '4', '82', '48', '62'),
('62', '2020-06-11', '2', '53', '59', '26'),
('63', '2020-09-16', '2', '56', '36', '70'),
('64', '2020-10-09', '9', '96', '98', '95'),
('65', '2020-04-17', '6', '25', '44', '94'),
('66', '2020-11-10', '6', '69', '68', '37'),
('67', '2020-02-26', '10', '26', '90', '41'),
('68', '2020-07-20', '1', '98', '40', '44'),
('69', '2020-03-13', '9', '88', '6', '93'),
('70', '2020-05-10', '5', '65', '18', '58'),
('71', '2020-04-12', '3', '53', '28', '99'),
('72', '2020-05-28', '6', '25', '93', '95'),
('73', '2020-07-26', '6', '37', '88', '3'),
('74', '2020-08-05', '1', '56', '40', '87'),
('75', '2020-06-27', '9', '29', '28', '90'),
('76', '2020-05-06', '3', '68', '34', '7'),
('77', '2020-07-03', '7', '39', '99', '96'),
('78', '2020-07-06', '1', '16', '53', '23'),
('79', '2020-05-24', '8', '80', '21', '17'),
('80', '2020-04-12', '1', '14', '11', '54'),
('81', '2020-08-20', '6', '99', '56', '55'),
('82', '2020-01-05', '6', '95', '42', '35'),
('83', '2020-07-04', '3', '70', '24', '50'),
('84', '2020-08-23', '5', '57', '57', '92'),
('85', '2020-03-17', '11', '55', '87', '98'),
('86', '2020-12-21', '8', '40', '21', '39'),
('87', '2020-07-27', '3', '41', '55', '25'),
('88', '2020-01-23', '6', '65', '78', '5'),
('89', '2020-10-05', '7', '34', '60', '17'),
('90', '2020-04-18', '4', '2', '52', '53'),
('91', '2020-01-21', '8', '76', '2', '8'),
('92', '2020-08-02', '4', '59', '99', '28'),
('93', '2020-03-14', '2', '86', '26', '84'),
('94', '2020-11-28', '3', '46', '22', '45'),
('95', '2020-12-07', '10', '77', '69', '41'),
('96', '2020-07-04', '5', '47', '45', '4'),
('97', '2020-06-03', '9', '5', '21', '9'),
('98', '2020-10-20', '1', '73', '61', '76'),
('99', '2020-11-15', '6', '63', '83', '80'),
('100', '2020-12-18', '3', '82', '8', '34'),
('101', '2020-07-17', '8', '33', '17', '93'),
('102', '2020-05-02', '9', '38', '37', '64'),
('103', '2020-09-29', '2', '6', '4', '55'),
('104', '2020-06-23', '6', '49', '59', '32'),
('105', '2020-11-18', '6', '80', '41', '59'),
('106', '2020-04-09', '6', '2', '34', '100'),
('107', '2020-09-04', '8', '17', '80', '85'),
('108', '2020-04-08', '11', '88', '18', '66'),
('109', '2020-04-14', '3', '35', '58', '97'),
('110', '2020-10-22', '8', '95', '60', '87'),
('111', '2020-11-11', '11', '64', '42', '52'),
('112', '2020-11-17', '2', '1', '84', '66'),
('113', '2020-04-15', '9', '24', '24', '32'),
('114', '2020-03-21', '3', '58', '32', '89'),
('115', '2020-11-09', '9', '12', '73', '73'),
('116', '2020-02-02', '11', '91', '39', '19'),
('117', '2020-09-16', '3', '97', '15', '98'),
('118', '2020-05-09', '10', '75', '85', '91'),
('119', '2020-08-29', '5', '26', '43', '51'),
('120', '2020-01-25', '3', '26', '16', '6'),
('121', '2020-12-30', '6', '40', '38', '75'),
('122', '2020-11-22', '11', '70', '64', '71'),
('123', '2020-08-24', '9', '37', '44', '80'),
('124', '2020-06-06', '3', '82', '99', '53'),
('125', '2020-04-16', '9', '14', '50', '69'),
('126', '2020-11-16', '10', '35', '60', '27'),
('127', '2020-02-10', '7', '3', '78', '86'),
('128', '2020-10-20', '4', '94', '91', '78'),
('129', '2020-05-02', '4', '29', '53', '29'),
('130', '2020-11-27', '11', '16', '100', '79'),
('131', '2020-04-13', '6', '44', '59', '79'),
('132', '2020-06-22', '3', '57', '31', '4'),
('133', '2020-02-03', '8', '81', '73', '58'),
('134', '2020-12-11', '2', '32', '85', '75'),
('135', '2020-06-28', '4', '62', '60', '62'),
('136', '2020-03-31', '6', '51', '40', '87'),
('137', '2020-11-23', '9', '92', '16', '77'),
('138', '2020-12-08', '1', '15', '56', '58'),
('139', '2020-09-01', '7', '14', '37', '83'),
('140', '2020-10-15', '8', '67', '86', '40'),
('141', '2020-04-01', '6', '58', '98', '62'),
('142', '2020-08-28', '10', '82', '36', '24'),
('143', '2020-04-02', '5', '96', '85', '98'),
('144', '2020-10-12', '6', '24', '84', '25'),
('145', '2020-01-24', '2', '99', '2', '22'),
('146', '2020-10-16', '2', '57', '80', '71'),
('147', '2020-06-24', '8', '16', '54', '41'),
('148', '2020-07-17', '10', '39', '81', '29'),
('149', '2020-05-06', '11', '78', '91', '87'),
('150', '2020-04-21', '7', '26', '10', '3'),
('151', '2020-02-05', '3', '95', '100', '68'),
('152', '2020-03-28', '2', '83', '93', '34'),
('153', '2020-04-05', '9', '94', '55', '95'),
('154', '2020-07-23', '6', '35', '65', '21'),
('155', '2020-08-29', '6', '19', '61', '32'),
('156', '2020-09-24', '7', '41', '61', '54'),
('157', '2020-06-06', '3', '51', '40', '79'),
('158', '2020-12-17', '9', '50', '81', '98'),
('159', '2020-03-27', '5', '80', '65', '62'),
('160', '2020-10-17', '7', '57', '96', '44'),
('161', '2020-05-29', '6', '51', '39', '1'),
('162', '2020-06-23', '10', '3', '21', '35'),
('163', '2020-07-11', '3', '82', '67', '79'),
('164', '2020-09-12', '3', '27', '32', '41'),
('165', '2020-10-06', '9', '72', '20', '54'),
('166', '2020-01-06', '3', '100', '52', '65'),
('167', '2020-07-15', '9', '16', '27', '43'),
('168', '2020-02-22', '8', '22', '86', '23'),
('169', '2020-04-11', '8', '24', '24', '57'),
('170', '2020-01-31', '3', '44', '91', '49'),
('171', '2020-07-09', '3', '58', '27', '48'),
('172', '2020-12-27', '10', '59', '89', '61'),
('173', '2020-09-24', '4', '8', '15', '51'),
('174', '2020-07-20', '1', '66', '16', '87'),
('175', '2020-06-15', '9', '43', '30', '55'),
('176', '2020-01-22', '8', '16', '78', '37'),
('177', '2020-10-18', '5', '1', '93', '66'),
('178', '2020-02-20', '5', '84', '15', '70'),
('179', '2020-12-15', '5', '41', '17', '25'),
('180', '2020-12-22', '11', '5', '86', '29'),
('181', '2020-03-08', '2', '1', '80', '20'),
('182', '2020-09-11', '8', '95', '7', '48'),
('183', '2020-08-27', '5', '36', '2', '2'),
('184', '2020-04-26', '6', '79', '39', '90'),
('185', '2020-04-19', '9', '32', '56', '24'),
('186', '2020-04-01', '2', '70', '93', '57'),
('187', '2020-02-08', '2', '10', '82', '9'),
('188', '2020-03-14', '2', '67', '37', '27'),
('189', '2020-05-11', '8', '16', '47', '34'),
('190', '2020-12-14', '2', '54', '81', '48'),
('191', '2020-03-01', '10', '83', '50', '40'),
('192', '2020-11-12', '7', '89', '30', '40'),
('193', '2020-12-07', '3', '85', '64', '35'),
('194', '2020-04-18', '7', '56', '91', '65'),
('195', '2020-04-13', '8', '72', '73', '81'),
('196', '2020-07-09', '5', '10', '8', '7'),
('197', '2020-05-04', '3', '54', '40', '36'),
('198', '2020-02-25', '1', '21', '84', '96'),
('199', '2020-04-09', '1', '34', '36', '63'),
('200', '2020-01-15', '3', '65', '3', '41');


DROP TABLE IF EXISTS marks;
CREATE TABLE marks(
	mark INT UNSIGNED NOT NULL,
	subject_id BIGINT UNSIGNED NOT NULL,
	student_id BIGINT UNSIGNED NOT NULL,
	professor_id BIGINT UNSIGNED NOT NULL,
  	created_at DATETIME DEFAULT CURRENT_TIMESTAMP,
  	updated_at DATETIME DEFAULT CURRENT_TIMESTAMP,
	PRIMARY KEY (student_id, subject_id),
    FOREIGN KEY (subject_id) REFERENCES subjects(id) ON UPDATE CASCADE ON DELETE CASCADE,
    FOREIGN KEY (student_id) REFERENCES students(id) ON UPDATE CASCADE ON DELETE CASCADE,
    FOREIGN KEY (professor_id) REFERENCES professors(id) ON UPDATE CASCADE ON DELETE CASCADE
);

INSERT INTO `marks` (`mark`, `subject_id`, `student_id`, `professor_id`, `created_at`, `updated_at`) 
VALUES (51, '2', '1', '52', '2020-04-08 19:52:27', '2020-07-03 21:47:57'),
(68, '10', '1', '98', '2020-07-20 22:55:43', '2020-09-28 05:37:33'),
(32, '11', '2', '11', '2020-06-24 18:25:01', '2020-12-26 04:39:14'),
(83, '1', '4', '21', '2020-09-24 07:17:44', '2020-03-03 00:32:46'),
(4, '3', '5', '51', '2020-08-24 02:33:58', '2020-05-29 04:01:56'),
(52, '7', '5', '80', '2020-03-24 00:24:20', '2020-11-30 17:43:45'),
(95, '9', '6', '85', '2020-04-17 11:08:31', '2020-05-04 12:35:53'),
(39, '10', '6', '65', '2020-10-26 07:44:53', '2020-09-16 12:04:34'),
(17, '4', '7', '38', '2020-01-07 22:32:27', '2020-04-28 05:03:19'),
(56, '3', '8', '13', '2020-04-08 17:32:38', '2020-12-08 23:32:38'),
(30, '10', '8', '76', '2020-04-26 05:58:04', '2020-12-31 19:26:23'),
(74, '5', '12', '16', '2020-01-02 08:29:48', '2020-02-05 06:50:51'),
(99, '1', '13', '28', '2020-12-29 18:04:02', '2020-12-16 21:39:50'),
(32, '2', '13', '92', '2020-04-21 14:41:59', '2020-07-12 19:24:21'),
(78, '7', '13', '49', '2020-05-07 23:33:34', '2020-04-01 05:20:20'),
(42, '8', '13', '79', '2020-12-16 16:06:44', '2020-06-25 11:40:55'),
(34, '9', '15', '75', '2020-08-03 21:34:00', '2020-01-22 08:50:41'),
(9, '2', '17', '84', '2020-01-08 00:27:20', '2020-01-01 18:43:26'),
(11, '5', '17', '6', '2020-09-12 03:22:07', '2020-05-09 09:30:17'),
(70, '6', '19', '20', '2020-10-18 08:45:55', '2020-05-20 15:41:27'),
(87, '4', '21', '46', '2020-11-13 22:41:24', '2020-05-13 03:09:44'),
(25, '5', '22', '95', '2020-10-28 01:27:53', '2020-03-17 13:52:07'),
(82, '10', '22', '23', '2020-01-09 12:48:20', '2020-04-07 21:06:11'),
(53, '11', '24', '45', '2020-05-30 19:40:44', '2020-10-11 06:53:00'),
(23, '9', '25', '80', '2020-06-15 12:01:59', '2020-04-30 15:04:49'),
(82, '7', '27', '60', '2020-03-26 09:21:31', '2020-06-26 05:22:27'),
(1, '8', '29', '8', '2020-05-22 21:49:58', '2020-04-03 22:51:54'),
(94, '6', '30', '94', '2020-04-10 12:03:00', '2020-03-19 06:01:22'),
(100, '9', '30', '80', '2020-12-09 22:02:45', '2020-02-15 04:24:16'),
(44, '4', '31', '65', '2020-07-17 23:12:35', '2020-07-14 12:19:19'),
(89, '6', '31', '22', '2020-04-02 20:13:10', '2020-03-03 01:23:56'),
(36, '5', '32', '57', '2020-07-05 17:30:42', '2020-05-22 10:38:44'),
(80, '6', '32', '88', '2020-06-26 05:41:53', '2020-05-19 18:56:26'),
(48, '4', '36', '93', '2020-12-10 13:23:37', '2020-09-08 23:43:13'),
(89, '10', '36', '30', '2020-03-31 19:56:00', '2020-03-11 14:16:46'),
(55, '3', '40', '29', '2020-06-16 02:01:13', '2020-09-30 13:14:07'),
(76, '8', '40', '31', '2020-04-10 22:03:16', '2020-07-28 23:05:48'),
(6, '2', '41', '1', '2020-12-06 20:57:56', '2020-01-28 03:44:54'),
(9, '4', '44', '54', '2020-06-27 15:07:59', '2020-08-29 14:29:50'),
(98, '1', '46', '53', '2020-10-04 23:51:11', '2020-08-12 14:20:47'),
(65, '9', '47', '23', '2020-12-02 12:58:01', '2020-11-26 08:38:25'),
(53, '1', '48', '35', '2020-01-02 14:15:40', '2020-05-27 13:44:46'),
(75, '4', '49', '82', '2020-10-29 12:31:23', '2020-01-21 23:38:32'),
(96, '9', '49', '24', '2020-02-23 02:07:05', '2020-03-15 22:04:53'),
(90, '4', '50', '95', '2020-12-05 19:58:42', '2020-12-17 01:25:15'),
(72, '6', '51', '46', '2020-05-17 10:55:12', '2020-01-13 22:22:18'),
(70, '4', '53', '90', '2020-09-29 04:57:27', '2020-01-24 15:22:52'),
(11, '5', '56', '4', '2020-10-11 19:23:52', '2020-06-08 05:25:16'),
(29, '9', '56', '65', '2020-09-22 16:10:53', '2020-05-10 03:13:22'),
(36, '10', '56', '29', '2020-02-25 12:20:00', '2020-09-02 09:27:45'),
(37, '4', '57', '94', '2020-11-28 16:55:06', '2020-12-28 13:32:14'),
(36, '7', '57', '21', '2020-04-23 23:03:30', '2020-11-22 13:05:42'),
(100, '10', '57', '60', '2020-05-05 22:32:08', '2020-09-01 23:49:46'),
(24, '1', '58', '21', '2020-07-16 15:01:30', '2020-10-03 10:20:32'),
(28, '7', '58', '51', '2020-07-21 18:09:51', '2020-06-19 12:48:56'),
(8, '1', '59', '89', '2020-04-01 13:11:09', '2020-11-28 20:15:30'),
(76, '5', '60', '79', '2020-11-27 02:59:06', '2020-06-07 11:17:17'),
(56, '6', '60', '66', '2020-07-18 05:18:55', '2020-05-08 20:10:52'),
(68, '4', '61', '99', '2020-10-21 09:29:00', '2020-04-28 03:07:08'),
(30, '5', '61', '59', '2020-11-09 02:39:40', '2020-07-28 18:37:22'),
(65, '6', '61', '72', '2020-09-01 08:58:57', '2020-02-28 02:21:23'),
(48, '3', '62', '30', '2020-06-06 21:36:25', '2020-03-11 08:13:13'),
(100, '5', '62', '73', '2020-03-11 06:22:23', '2020-04-11 09:44:38'),
(17, '6', '62', '40', '2020-02-10 18:22:16', '2020-11-03 18:42:26'),
(16, '4', '63', '35', '2020-01-13 02:43:31', '2020-12-14 00:32:24'),
(67, '4', '64', '31', '2020-01-11 02:31:32', '2020-06-12 03:51:29'),
(100, '5', '64', '87', '2020-02-25 19:37:25', '2020-12-11 11:38:46'),
(13, '6', '65', '22', '2020-11-29 20:10:10', '2020-03-23 16:00:45'),
(55, '11', '65', '64', '2020-05-22 07:38:09', '2020-04-04 16:17:43'),
(85, '5', '66', '45', '2020-10-23 17:41:17', '2020-07-15 05:44:08'),
(8, '8', '67', '98', '2020-05-10 04:12:13', '2020-07-30 16:56:01'),
(60, '7', '68', '50', '2020-05-26 06:24:28', '2020-01-12 11:05:54'),
(2, '10', '68', '29', '2020-04-09 13:25:05', '2020-01-27 20:29:32'),
(98, '2', '69', '39', '2020-12-21 09:37:18', '2020-07-29 03:46:17'),
(21, '5', '70', '30', '2020-03-19 21:08:17', '2020-05-29 16:49:22'),
(93, '7', '72', '90', '2020-08-08 11:51:36', '2020-02-15 19:56:38'),
(73, '7', '74', '66', '2020-12-20 22:04:45', '2020-08-19 05:25:18'),
(68, '8', '77', '81', '2020-01-03 07:16:59', '2020-05-10 23:41:43'),
(89, '2', '78', '5', '2020-07-05 06:53:17', '2020-02-18 04:07:56'),
(2, '3', '78', '3', '2020-12-11 01:59:24', '2020-01-27 03:46:24'),
(61, '6', '80', '51', '2020-07-24 07:47:06', '2020-10-09 04:52:37'),
(43, '2', '81', '29', '2020-11-29 08:54:05', '2020-06-27 13:40:22'),
(17, '7', '81', '24', '2020-05-08 07:59:21', '2020-11-11 09:28:37'),
(13, '9', '82', '6', '2020-03-12 15:12:26', '2020-06-11 13:16:18'),
(32, '9', '83', '54', '2020-11-06 16:37:45', '2020-03-22 17:36:27'),
(56, '1', '84', '41', '2020-08-01 23:51:23', '2020-07-02 13:27:38'),
(76, '2', '85', '70', '2020-10-27 04:28:35', '2020-07-17 09:56:31'),
(22, '5', '85', '40', '2020-07-19 10:56:28', '2020-05-17 03:36:24'),
(32, '6', '85', '10', '2020-11-02 02:58:02', '2020-01-02 15:44:41'),
(43, '8', '85', '6', '2020-08-23 09:51:44', '2020-04-29 03:24:27'),
(85, '11', '85', '92', '2020-07-20 09:22:48', '2020-11-10 00:29:02'),
(88, '4', '86', '94', '2020-11-28 09:37:04', '2020-12-17 21:36:35'),
(52, '7', '86', '53', '2020-08-09 08:29:24', '2020-01-30 11:55:40'),
(77, '6', '87', '51', '2020-12-13 02:35:01', '2020-12-06 17:56:00'),
(34, '4', '89', '14', '2020-12-01 07:45:25', '2020-06-13 16:23:57'),
(39, '11', '89', '40', '2020-03-14 14:27:35', '2020-07-06 00:13:43'),
(41, '5', '90', '58', '2020-06-20 20:29:10', '2020-11-24 22:27:00'),
(43, '3', '91', '65', '2020-12-23 19:04:22', '2020-11-06 01:23:17'),
(3, '1', '92', '9', '2020-12-03 06:49:52', '2020-08-03 22:14:07'),
(42, '6', '93', '6', '2020-12-21 19:44:48', '2020-10-14 22:49:40'),
(15, '2', '94', '81', '2020-06-07 02:39:33', '2020-09-24 16:51:30'),
(31, '8', '94', '5', '2020-10-24 11:05:02', '2020-03-22 22:16:44'),
(85, '9', '97', '8', '2020-03-12 13:22:54', '2020-09-24 07:56:10'),
(30, '11', '97', '73', '2020-03-25 04:10:03', '2020-09-11 08:44:01'),
(21, '9', '100', '64', '2020-08-15 12:59:57', '2020-06-08 14:39:44'),
(41, '2', '103', '68', '2020-02-17 21:19:40', '2020-08-24 17:20:45'),
(68, '2', '105', '14', '2020-08-26 09:59:37', '2020-03-24 02:09:28'),
(81, '4', '106', '67', '2020-07-29 17:54:02', '2020-01-08 10:51:24'),
(90, '7', '106', '93', '2020-08-30 11:57:25', '2020-06-16 13:41:15'),
(91, '9', '107', '11', '2020-09-15 16:56:54', '2020-04-11 13:52:24'),
(84, '7', '108', '29', '2020-04-07 14:51:37', '2020-09-03 06:59:05'),
(79, '7', '109', '75', '2020-02-24 19:12:10', '2020-09-30 11:07:35'),
(94, '10', '109', '40', '2020-11-27 06:34:05', '2020-06-03 07:50:12'),
(20, '11', '110', '65', '2020-07-13 19:12:29', '2020-06-16 22:07:03'),
(8, '2', '111', '28', '2020-07-18 11:03:25', '2020-09-28 15:09:22'),
(20, '5', '112', '8', '2020-03-16 06:05:05', '2020-02-16 19:22:07'),
(38, '7', '112', '53', '2020-07-13 03:57:39', '2020-12-20 12:40:20'),
(18, '2', '113', '39', '2020-04-03 09:01:11', '2020-03-23 13:13:23'),
(49, '9', '114', '15', '2020-09-13 07:51:45', '2020-06-17 18:51:01'),
(77, '10', '114', '45', '2020-01-29 11:21:18', '2020-04-06 01:44:30'),
(46, '4', '116', '4', '2020-10-10 13:23:10', '2020-03-28 21:43:44'),
(26, '11', '116', '48', '2020-07-15 12:23:13', '2020-12-29 05:59:22'),
(58, '7', '117', '47', '2020-07-01 09:33:46', '2020-09-12 11:00:41'),
(96, '2', '118', '88', '2020-06-16 05:52:25', '2020-11-10 19:09:55'),
(67, '8', '119', '70', '2020-11-26 13:22:19', '2020-03-14 08:43:39'),
(72, '2', '121', '37', '2020-12-10 13:30:45', '2020-04-18 09:33:39'),
(32, '4', '121', '43', '2020-03-24 15:16:41', '2020-04-07 01:14:34'),
(24, '9', '121', '11', '2020-11-05 15:24:04', '2020-02-13 02:29:17'),
(91, '9', '122', '76', '2020-06-29 14:40:07', '2020-09-12 11:04:06'),
(85, '10', '123', '91', '2020-02-11 16:08:07', '2020-03-21 10:24:02'),
(30, '6', '125', '87', '2020-10-29 14:18:51', '2020-06-05 19:13:42'),
(49, '2', '130', '39', '2020-10-20 23:58:20', '2020-04-12 18:06:43'),
(7, '5', '130', '29', '2020-06-14 18:52:38', '2020-08-19 18:57:46'),
(32, '6', '130', '54', '2020-01-13 03:47:08', '2020-05-31 12:32:51'),
(88, '1', '131', '15', '2020-04-30 22:38:25', '2020-10-08 06:13:52'),
(75, '6', '131', '26', '2020-08-29 12:29:35', '2020-06-26 01:34:26'),
(11, '6', '133', '13', '2020-03-31 22:04:09', '2020-05-02 18:30:36'),
(71, '6', '134', '17', '2020-12-02 01:58:50', '2020-05-21 20:51:50'),
(42, '8', '135', '33', '2020-10-16 18:59:35', '2020-12-25 19:27:30'),
(36, '10', '135', '71', '2020-11-04 17:47:48', '2020-05-29 15:41:01'),
(81, '8', '136', '46', '2020-10-29 03:19:43', '2020-08-04 21:57:20'),
(65, '11', '138', '45', '2020-01-17 12:50:47', '2020-11-21 04:45:49'),
(89, '4', '140', '58', '2020-09-30 15:48:13', '2020-03-06 23:14:06'),
(96, '4', '141', '84', '2020-06-04 04:13:52', '2020-08-10 10:03:25'),
(96, '7', '142', '33', '2020-06-07 13:52:18', '2020-07-09 04:54:55'),
(81, '8', '143', '23', '2020-07-10 01:13:11', '2020-10-08 04:19:33'),
(76, '2', '149', '11', '2020-10-27 20:33:00', '2020-01-03 04:42:44'),
(18, '6', '149', '34', '2020-05-10 01:19:37', '2020-11-29 13:36:35'),
(85, '9', '150', '25', '2020-12-08 23:33:55', '2020-01-30 02:20:59'),
(39, '9', '151', '39', '2020-03-31 03:36:19', '2020-03-11 21:12:34'),
(62, '11', '151', '96', '2020-03-04 17:31:01', '2020-04-07 12:54:32'),
(61, '3', '152', '55', '2020-03-05 08:38:47', '2020-04-07 02:40:28'),
(82, '9', '152', '15', '2020-01-26 07:04:08', '2020-01-16 06:04:30'),
(67, '5', '155', '75', '2020-12-30 17:14:52', '2020-11-05 05:51:21'),
(50, '11', '156', '97', '2020-06-15 06:54:07', '2020-06-18 04:40:11'),
(28, '3', '157', '1', '2020-08-12 10:55:37', '2020-06-14 16:42:11'),
(97, '7', '157', '54', '2020-03-26 14:04:24', '2020-09-12 12:15:46'),
(85, '2', '158', '100', '2020-03-20 14:23:18', '2020-10-15 18:44:05'),
(62, '4', '160', '28', '2020-05-26 03:26:52', '2020-04-24 22:25:45'),
(83, '3', '163', '15', '2020-10-21 23:57:17', '2020-04-06 01:24:31'),
(85, '5', '163', '23', '2020-10-16 01:30:21', '2020-12-07 03:35:48'),
(77, '10', '166', '94', '2020-01-02 11:15:25', '2020-06-22 15:59:24'),
(95, '5', '167', '91', '2020-09-09 20:38:02', '2020-12-01 14:51:09'),
(80, '4', '169', '23', '2020-02-21 13:38:15', '2020-11-17 04:24:50'),
(74, '3', '170', '73', '2020-06-19 09:00:47', '2020-06-04 10:41:19'),
(52, '4', '170', '58', '2020-01-18 05:52:36', '2020-05-20 19:15:59'),
(31, '7', '170', '42', '2020-06-04 18:29:15', '2020-05-20 18:24:25'),
(10, '3', '173', '61', '2020-07-07 03:12:55', '2020-10-16 10:52:53'),
(80, '9', '173', '50', '2020-08-13 21:17:16', '2020-04-16 03:20:07'),
(88, '7', '174', '50', '2020-03-10 05:33:04', '2020-04-22 15:48:30'),
(93, '2', '177', '4', '2020-10-23 15:21:59', '2020-06-12 03:06:03'),
(16, '7', '177', '24', '2020-09-27 21:31:48', '2020-03-03 22:56:28'),
(78, '11', '177', '40', '2020-09-09 18:15:06', '2020-06-07 21:46:06'),
(13, '5', '178', '83', '2020-06-24 22:21:33', '2020-06-13 18:47:08'),
(47, '6', '179', '15', '2020-07-13 18:19:46', '2020-08-22 06:55:33'),
(8, '7', '179', '21', '2020-11-29 10:42:45', '2020-10-25 16:29:05'),
(64, '9', '179', '35', '2020-01-12 07:34:56', '2020-12-23 06:35:05'),
(56, '3', '181', '22', '2020-09-15 07:14:46', '2020-02-02 01:54:04'),
(35, '5', '183', '21', '2020-07-28 09:50:33', '2020-09-14 08:43:28'),
(75, '3', '189', '57', '2020-06-13 09:02:46', '2020-07-15 05:44:58'),
(39, '7', '190', '41', '2020-05-03 03:55:02', '2020-11-13 20:24:02'),
(61, '6', '191', '85', '2020-04-17 17:01:06', '2020-08-14 01:40:33'),
(88, '6', '192', '70', '2020-05-31 10:59:37', '2020-01-28 00:24:55'),
(46, '3', '194', '87', '2020-06-30 06:33:24', '2020-07-04 02:20:21'),
(99, '7', '196', '76', '2020-10-27 22:08:33', '2020-11-20 14:03:29'),
(69, '2', '199', '68', '2020-02-20 16:00:33', '2020-09-25 11:53:38'),
(42, '9', '199', '81', '2020-12-30 06:24:56', '2020-06-21 07:46:17'),
(10, '6', '200', '24', '2020-01-04 05:29:58', '2020-05-05 19:20:00'),
(56, '9', '200', '84', '2020-11-02 15:21:17', '2020-02-25 21:59:42');
