--/* Задание 1 
Заполнить все таблицы БД vk данными (по 10-100 записей в каждой таблице).*/




-- MariaDB dump 10.19  Distrib 10.5.12-MariaDB, for Linux (x86_64)
--
-- Host: mysql.hostinger.ro    Database: u574849695_23
-- ------------------------------------------------------
-- Server version	10.5.12-MariaDB-cll-lve

/*!40101 SET @OLD_CHARACTER_SET_CLIENT=@@CHARACTER_SET_CLIENT */;
/*!40101 SET @OLD_CHARACTER_SET_RESULTS=@@CHARACTER_SET_RESULTS */;
/*!40101 SET @OLD_COLLATION_CONNECTION=@@COLLATION_CONNECTION */;
/*!40101 SET NAMES utf8mb4 */;
/*!40103 SET @OLD_TIME_ZONE=@@TIME_ZONE */;
/*!40103 SET TIME_ZONE='+00:00' */;
/*!40014 SET @OLD_UNIQUE_CHECKS=@@UNIQUE_CHECKS, UNIQUE_CHECKS=0 */;
/*!40014 SET @OLD_FOREIGN_KEY_CHECKS=@@FOREIGN_KEY_CHECKS, FOREIGN_KEY_CHECKS=0 */;
/*!40101 SET @OLD_SQL_MODE=@@SQL_MODE, SQL_MODE='NO_AUTO_VALUE_ON_ZERO' */;
/*!40111 SET @OLD_SQL_NOTES=@@SQL_NOTES, SQL_NOTES=0 */;

--
-- Table structure for table `communities`
--

DROP TABLE IF EXISTS `communities`;
/*!40101 SET @saved_cs_client     = @@character_set_client */;
/*!40101 SET character_set_client = utf8 */;
CREATE TABLE `communities` (
  `id` bigint(20) unsigned NOT NULL AUTO_INCREMENT,
  `name` varchar(150) COLLATE utf8mb4_unicode_ci DEFAULT NULL,
  `admin_user_id` bigint(20) unsigned DEFAULT NULL,
  PRIMARY KEY (`id`),
  KEY `communities_name_idx` (`name`),
  KEY `admin_user_id` (`admin_user_id`),
  CONSTRAINT `communities_ibfk_1` FOREIGN KEY (`admin_user_id`) REFERENCES `users` (`id`) ON DELETE SET NULL ON UPDATE CASCADE
) ENGINE=InnoDB AUTO_INCREMENT=101 DEFAULT CHARSET=utf8mb4 COLLATE=utf8mb4_unicode_ci;
/*!40101 SET character_set_client = @saved_cs_client */;

--
-- Dumping data for table `communities`
--

LOCK TABLES `communities` WRITE;
/*!40000 ALTER TABLE `communities` DISABLE KEYS */;
INSERT INTO `communities` VALUES (1,'omnis',1),(2,'ratione',2),(3,'voluptatem',3),(4,'consequuntur',4),(5,'tempore',5),(6,'sapiente',6),(7,'repudiandae',7),(8,'facilis',8),(9,'placeat',9),(10,'quo',10),(11,'sint',11),(12,'accusantium',12),(13,'non',13),(14,'porro',14),(15,'voluptates',15),(16,'libero',16),(17,'inventore',17),(18,'perferendis',18),(19,'animi',19),(20,'maxime',20),(21,'voluptatum',21),(22,'fuga',22),(23,'quis',23),(24,'accusantium',24),(25,'perferendis',25),(26,'consequuntur',26),(27,'repellat',27),(28,'unde',28),(29,'culpa',29),(30,'facilis',30),(31,'quaerat',31),(32,'commodi',32),(33,'qui',33),(34,'cum',34),(35,'voluptatibus',35),(36,'rerum',36),(37,'est',37),(38,'et',38),(39,'culpa',39),(40,'dolores',40),(41,'sint',41),(42,'totam',42),(43,'rerum',43),(44,'et',44),(45,'autem',45),(46,'laborum',46),(47,'magni',47),(48,'nobis',48),(49,'dolorem',49),(50,'sunt',50),(51,'sit',51),(52,'quia',52),(53,'tempore',53),(54,'et',54),(55,'maiores',55),(56,'doloremque',56),(57,'cum',57),(58,'non',58),(59,'nam',59),(60,'deleniti',60),(61,'impedit',61),(62,'unde',62),(63,'quaerat',63),(64,'voluptatem',64),(65,'nisi',65),(66,'et',66),(67,'atque',67),(68,'occaecati',68),(69,'similique',69),(70,'autem',70),(71,'amet',71),(72,'aut',72),(73,'adipisci',73),(74,'sapiente',74),(75,'amet',75),(76,'animi',76),(77,'id',77),(78,'et',78),(79,'iste',79),(80,'cum',80),(81,'laudantium',81),(82,'quam',82),(83,'expedita',83),(84,'non',84),(85,'sapiente',85),(86,'eius',86),(87,'provident',87),(88,'aut',88),(89,'aspernatur',89),(90,'est',90),(91,'labore',91),(92,'totam',92),(93,'cumque',93),(94,'quis',94),(95,'id',95),(96,'dolores',96),(97,'rerum',97),(98,'nemo',98),(99,'perspiciatis',99),(100,'id',100);
/*!40000 ALTER TABLE `communities` ENABLE KEYS */;
UNLOCK TABLES;

--
-- Table structure for table `descriptions`
--

DROP TABLE IF EXISTS `descriptions`;
/*!40101 SET @saved_cs_client     = @@character_set_client */;
/*!40101 SET character_set_client = utf8 */;
CREATE TABLE `descriptions` (
  `user_id` bigint(20) unsigned NOT NULL AUTO_INCREMENT,
  `gender` char(1) COLLATE utf8mb4_unicode_ci DEFAULT NULL,
  `birthday` date DEFAULT NULL,
  `photo_id` bigint(20) unsigned DEFAULT NULL,
  `created_at` datetime DEFAULT current_timestamp(),
  `hometown` varchar(100) COLLATE utf8mb4_unicode_ci DEFAULT NULL,
  PRIMARY KEY (`user_id`)
) ENGINE=InnoDB AUTO_INCREMENT=101 DEFAULT CHARSET=utf8mb4 COLLATE=utf8mb4_unicode_ci;
/*!40101 SET character_set_client = @saved_cs_client */;

--
-- Dumping data for table `descriptions`
--

LOCK TABLES `descriptions` WRITE;
/*!40000 ALTER TABLE `descriptions` DISABLE KEYS */;
INSERT INTO `descriptions` VALUES (1,'m','1988-05-28',201,'1991-10-24 17:14:17','Veronicatown'),(2,'m','1995-08-05',202,'2006-03-20 08:00:28','Alexzandertown'),(3,'','1991-09-06',203,'2001-10-16 04:49:38','Bennyberg'),(4,'','2010-11-27',204,'2012-12-24 05:10:07','South Kennethton'),(5,'m','2007-07-21',205,'1993-09-16 11:01:47','Kadeside'),(6,'','2018-07-16',206,'2005-02-03 10:42:33','Rainaview'),(7,'m','1983-12-02',207,'1992-03-11 10:37:26','East Jalynborough'),(8,'','2010-02-27',208,'1980-07-24 05:34:13','Lake Colinborough'),(9,'','2004-03-03',209,'1989-03-17 10:37:31','Dejuanville'),(10,'','1998-05-29',210,'2012-01-14 02:21:01','Krisfurt'),(11,'m','1973-10-24',211,'1977-05-25 08:13:39','Eunaborough'),(12,'m','2009-11-15',212,'1984-06-18 17:20:03','Carterview'),(13,'','1986-04-20',213,'1989-07-30 20:10:00','East Marco'),(14,'m','1983-09-07',214,'2008-11-07 14:37:13','West Gunnar'),(15,'','1986-02-20',215,'1983-02-20 09:30:25','West Armando'),(16,'m','1983-07-22',216,'1989-04-28 17:08:10','North Jairo'),(17,'m','2015-05-28',217,'2011-12-14 16:17:11','South Mikelmouth'),(18,'m','1989-04-03',218,'1977-06-11 15:44:05','Guidohaven'),(19,'','2000-01-26',219,'1976-09-01 19:22:52','West Mollyberg'),(20,'','1981-04-09',220,'1985-10-30 23:49:01','Lake Bartonstad'),(21,'m','2009-06-29',221,'1995-02-08 23:00:04','North Katherynport'),(22,'','1975-01-23',222,'1977-06-07 08:52:29','Juniorhaven'),(23,'m','1971-04-09',223,'2002-01-19 18:31:10','East Enola'),(24,'','2011-06-28',224,'1982-06-20 20:26:21','South Jeramiefort'),(25,'m','1974-04-27',225,'1976-04-24 21:27:42','Flavieview'),(26,'m','1998-01-16',226,'2012-06-06 22:19:48','Giovannybury'),(27,'m','1975-05-22',227,'2003-08-28 14:20:42','Port Angusmouth'),(28,'','1988-08-29',228,'1991-03-23 13:45:30','Lake Adahbury'),(29,'','1975-02-15',229,'1996-10-03 20:33:59','West Willisview'),(30,'m','1988-01-12',230,'2012-06-20 12:25:59','South Darianmouth'),(31,'','2016-10-12',231,'1998-11-14 12:23:27','Jakubowskibury'),(32,'','2001-10-18',232,'1985-07-15 21:17:28','Thorachester'),(33,'','2001-12-10',233,'1973-10-06 21:43:58','McKenziehaven'),(34,'','1983-11-06',234,'1994-12-29 02:45:29','Lake Halliechester'),(35,'m','1976-02-10',235,'1971-07-22 22:04:21','Gabeborough'),(36,'','2016-05-01',236,'1981-10-17 21:04:28','North Havenport'),(37,'','1978-01-18',237,'1981-12-21 07:24:12','Leviville'),(38,'','1989-03-06',238,'1974-02-02 23:07:03','East Jessebury'),(39,'','2010-01-13',239,'2002-10-16 17:45:41','Jeromeburgh'),(40,'m','1994-04-16',240,'1989-03-17 20:32:41','New Angelitafurt'),(41,'','1979-07-04',241,'2016-09-07 09:37:32','Port Arneport'),(42,'m','1989-06-06',242,'2002-03-08 22:30:49','East Willie'),(43,'','1978-06-02',243,'1975-03-29 18:01:02','Boylestad'),(44,'m','1972-10-18',244,'2018-10-27 05:39:55','Abdielport'),(45,'m','1989-07-19',245,'1989-07-07 22:00:07','Bobbieton'),(46,'','2009-02-20',246,'1976-03-14 05:24:27','Ratkemouth'),(47,'','2020-02-06',247,'1977-09-25 11:54:18','Percyberg'),(48,'m','1998-12-07',248,'1991-07-15 04:53:56','Luettgenland'),(49,'m','2019-04-06',249,'1986-05-17 10:03:36','Verlietown'),(50,'','1972-02-17',250,'1989-08-17 06:53:26','Avisshire'),(51,'m','1974-05-02',251,'1986-08-14 12:08:51','North Tiffanyfurt'),(52,'m','1997-12-06',252,'1997-04-09 20:19:17','Johnsonview'),(53,'m','1970-07-14',253,'1997-11-21 20:03:14','South Vince'),(54,'','2013-04-08',254,'1980-01-27 20:28:55','Port Demetriusview'),(55,'m','1991-02-23',255,'1992-04-28 21:19:20','New Ludieburgh'),(56,'','1985-08-14',256,'2015-02-14 22:21:49','Savannahville'),(57,'','1975-10-15',257,'2018-10-13 19:46:23','New Cleta'),(58,'m','1973-06-15',258,'1973-01-06 09:33:49','Josephinefurt'),(59,'m','1974-09-29',259,'2006-12-19 04:03:02','Lake Johnview'),(60,'','1998-11-13',260,'1980-05-11 12:00:11','Bernhardtown'),(61,'m','2011-11-06',261,'2010-01-28 12:05:44','South Cali'),(62,'m','2002-09-23',262,'2000-06-08 07:28:47','Port Kademouth'),(63,'m','1989-09-06',263,'2013-11-24 22:08:18','Port Eduardo'),(64,'','1974-10-07',264,'2019-03-05 23:09:01','West Margotland'),(65,'','2000-01-19',265,'2018-09-14 07:44:59','Aliviaport'),(66,'','2001-10-30',266,'1970-08-11 00:41:30','Weberstad'),(67,'','2008-11-07',267,'2010-08-13 03:19:27','Lake Moriah'),(68,'','1994-08-26',268,'2017-04-03 10:54:43','Jeanneview'),(69,'m','1989-04-12',269,'2000-04-06 15:55:12','Brannonburgh'),(70,'m','1976-07-09',270,'1978-02-26 06:43:02','Fredrickmouth'),(71,'m','1977-02-11',271,'1983-07-07 20:15:11','East Santino'),(72,'','2013-09-14',272,'1988-11-03 15:22:52','New Alisa'),(73,'','2005-03-24',273,'1987-07-18 21:27:35','Mayerstad'),(74,'','2016-02-20',274,'2007-04-07 10:19:57','New Verna'),(75,'m','1983-09-16',275,'1986-07-03 14:42:49','East Chelseybury'),(76,'','1971-12-05',276,'2007-12-14 16:33:31','Labadiestad'),(77,'','2019-12-01',277,'2007-03-03 00:18:05','Rueckerchester'),(78,'','2021-01-01',278,'1999-12-20 02:43:06','Port Santinaville'),(79,'m','1976-06-07',279,'2021-03-13 04:01:23','Port Ardellafurt'),(80,'','2019-10-05',280,'1993-10-27 09:59:22','South Yasminefurt'),(81,'','1997-12-11',281,'2018-10-10 04:09:59','Alexandreafort'),(82,'m','1990-03-18',282,'1977-10-26 10:36:57','Bernhardbury'),(83,'','1985-12-03',283,'1983-02-25 03:47:30','Port Dougshire'),(84,'m','1981-02-19',284,'1982-02-23 09:22:17','Anyaberg'),(85,'','2000-01-30',285,'2012-08-05 18:53:13','Guiseppeside'),(86,'m','1990-05-10',286,'2002-05-17 21:43:36','West Elmerstad'),(87,'','1976-12-09',287,'2012-06-28 23:19:49','Websterfurt'),(88,'m','1982-09-16',288,'1989-01-22 04:39:46','Port Reece'),(89,'','1971-01-27',289,'2001-10-20 04:15:02','New Icie'),(90,'','1970-12-14',290,'1989-10-10 00:56:21','Gloverville'),(91,'m','1992-01-02',291,'1976-01-08 23:01:31','North Emmalee'),(92,'m','1983-05-04',292,'2013-03-04 07:39:03','West Mercedesberg'),(93,'','1985-01-10',293,'2011-02-11 15:30:37','Port Mayra'),(94,'','1984-01-25',294,'1995-10-29 05:07:44','South Jacynthefurt'),(95,'m','2016-05-12',295,'1989-10-03 03:17:33','Jeramytown'),(96,'','1986-04-18',296,'1992-08-30 03:30:51','Lake Josianneshire'),(97,'','2006-01-21',297,'1998-01-31 14:34:51','Schroedertown'),(98,'','2021-07-04',298,'1995-10-01 00:11:07','Lednertown'),(99,'m','1970-07-03',299,'1993-04-15 19:09:51','West Ettie'),(100,'m','1975-07-17',300,'2008-05-21 10:43:28','North Ransomberg');
/*!40000 ALTER TABLE `descriptions` ENABLE KEYS */;
UNLOCK TABLES;

--
-- Table structure for table `friend_requests`
--

DROP TABLE IF EXISTS `friend_requests`;
/*!40101 SET @saved_cs_client     = @@character_set_client */;
/*!40101 SET character_set_client = utf8 */;
CREATE TABLE `friend_requests` (
  `initiator_user_id` bigint(20) unsigned NOT NULL,
  `target_user_id` bigint(20) unsigned NOT NULL,
  `status` enum('requested','approved','declined','unfriended') COLLATE utf8mb4_unicode_ci DEFAULT NULL,
  `requested_at` datetime DEFAULT current_timestamp(),
  `updated_at` datetime DEFAULT NULL ON UPDATE current_timestamp(),
  PRIMARY KEY (`initiator_user_id`,`target_user_id`),
  KEY `target_user_id` (`target_user_id`),
  CONSTRAINT `friend_requests_ibfk_1` FOREIGN KEY (`initiator_user_id`) REFERENCES `users` (`id`) ON DELETE CASCADE ON UPDATE CASCADE,
  CONSTRAINT `friend_requests_ibfk_2` FOREIGN KEY (`target_user_id`) REFERENCES `users` (`id`) ON DELETE CASCADE ON UPDATE CASCADE
) ENGINE=InnoDB DEFAULT CHARSET=utf8mb4 COLLATE=utf8mb4_unicode_ci;
/*!40101 SET character_set_client = @saved_cs_client */;

--
-- Dumping data for table `friend_requests`
--

LOCK TABLES `friend_requests` WRITE;
/*!40000 ALTER TABLE `friend_requests` DISABLE KEYS */;
INSERT INTO `friend_requests` VALUES (1,1,'requested','2021-01-14 23:16:06','1974-03-24 10:17:00'),(2,2,'approved','1983-10-14 11:49:48','1990-08-25 00:59:41'),(3,3,'unfriended','2008-09-28 22:56:01','2001-10-07 09:45:01'),(4,4,'approved','1976-05-20 23:07:01','2013-05-18 10:59:34'),(5,5,'approved','1994-11-18 21:03:44','2019-11-22 03:09:17'),(6,6,'unfriended','1973-08-09 11:16:10','2019-04-05 13:24:34'),(7,7,'approved','2004-12-25 09:00:10','2010-11-05 17:43:13'),(8,8,'unfriended','1972-04-03 10:00:59','1991-12-30 15:04:15'),(9,9,'unfriended','1974-08-09 10:22:20','1975-03-18 07:44:07'),(10,10,'requested','1982-06-03 14:57:54','1972-08-28 16:19:39'),(11,11,'unfriended','1978-03-23 06:07:39','1998-12-23 19:23:11'),(12,12,'approved','2011-12-11 21:24:08','2017-06-18 18:37:39'),(13,13,'unfriended','2010-10-02 04:30:03','2005-06-30 19:56:44'),(14,14,'requested','1997-01-13 19:39:46','1981-12-24 12:01:16'),(15,15,'approved','1971-10-30 23:22:51','2006-08-11 10:04:33'),(16,16,'declined','2006-08-10 17:04:35','1999-02-03 21:09:49'),(17,17,'unfriended','1972-12-13 00:41:45','1979-05-27 15:30:04'),(18,18,'approved','2022-05-11 10:06:23','2004-08-27 03:05:58'),(19,19,'approved','1971-11-01 01:59:20','2011-03-23 20:56:31'),(20,20,'declined','1975-10-05 03:03:27','2006-08-29 01:51:51'),(21,21,'declined','2009-05-13 16:03:40','2002-09-20 15:27:35'),(22,22,'unfriended','2021-10-26 18:26:22','2020-08-14 04:07:04'),(23,23,'declined','2016-09-24 21:42:02','1991-12-07 07:51:08'),(24,24,'unfriended','2002-08-15 06:35:55','1970-04-07 04:17:09'),(25,25,'declined','2005-04-15 21:44:36','1987-09-15 13:31:30'),(26,26,'unfriended','1992-05-12 14:15:14','1981-06-17 10:41:00'),(27,27,'declined','2007-12-08 06:33:31','2010-03-01 16:32:36'),(28,28,'unfriended','2007-08-18 03:15:25','1992-12-17 01:15:58'),(29,29,'approved','1978-03-04 06:46:40','1982-02-09 17:32:56'),(30,30,'approved','1994-02-14 08:34:13','1973-10-02 16:03:03'),(31,31,'approved','1989-12-08 15:26:29','1988-11-23 20:38:51'),(32,32,'requested','1990-10-01 15:05:05','2010-01-26 12:00:00'),(33,33,'approved','1977-10-04 07:11:30','2018-04-15 19:30:48'),(34,34,'requested','1970-05-10 01:36:41','1982-06-26 00:53:08'),(35,35,'declined','1976-03-07 05:40:02','1984-07-16 11:02:56'),(36,36,'approved','2003-06-11 03:58:25','1986-04-05 00:01:36'),(37,37,'unfriended','1971-10-03 03:43:54','2011-12-23 20:13:43'),(38,38,'requested','1986-04-03 14:59:58','2021-08-31 05:09:54'),(39,39,'approved','1981-05-12 02:00:55','1970-03-25 20:55:56'),(40,40,'requested','2000-05-05 20:38:54','1989-08-07 05:41:19'),(41,41,'declined','1983-04-04 10:59:53','2007-02-28 18:00:36'),(42,42,'requested','1984-06-20 23:18:30','2016-08-28 20:04:57'),(43,43,'unfriended','1998-08-17 22:39:56','1988-09-21 11:09:04'),(44,44,'requested','1986-04-02 20:47:15','1994-06-03 16:59:58'),(45,45,'unfriended','2015-09-21 16:26:34','2002-08-08 19:04:22'),(46,46,'approved','2016-04-25 18:35:10','2004-07-21 07:49:41'),(47,47,'unfriended','1998-07-25 03:38:36','1998-01-13 12:33:19'),(48,48,'unfriended','2017-05-24 11:52:02','2018-03-24 17:33:29'),(49,49,'unfriended','2001-09-10 02:59:45','1994-04-26 03:15:56'),(50,50,'requested','1989-10-16 10:48:23','2003-12-29 01:03:57'),(51,51,'approved','1981-10-23 03:03:56','1973-06-12 04:15:19'),(52,52,'unfriended','1998-10-10 07:11:04','2015-05-05 01:28:04'),(53,53,'requested','2021-08-04 04:04:01','2012-12-13 00:11:09'),(54,54,'approved','1991-08-14 16:53:34','2019-01-14 18:42:27'),(55,55,'unfriended','2015-08-21 19:33:41','2014-09-04 16:18:58'),(56,56,'declined','1970-02-11 02:21:56','2002-08-11 04:13:17'),(57,57,'declined','2014-08-13 17:40:18','1975-02-16 15:40:06'),(58,58,'requested','2017-03-30 03:25:51','2007-06-07 16:01:40'),(59,59,'unfriended','1978-11-14 23:48:39','1975-03-21 03:49:54'),(60,60,'requested','2006-09-28 02:20:31','2020-11-09 17:11:29'),(61,61,'approved','1998-07-30 13:19:17','1988-11-12 11:03:34'),(62,62,'approved','1971-06-25 10:07:26','2005-12-15 05:16:45'),(63,63,'approved','2015-05-19 17:36:24','2006-03-02 16:29:14'),(64,64,'unfriended','1991-07-19 15:17:49','1991-04-07 09:13:27'),(65,65,'approved','1985-02-10 22:54:39','2013-09-02 08:59:45'),(66,66,'declined','2001-02-06 12:18:22','1974-10-30 00:13:32'),(67,67,'unfriended','1996-09-27 20:05:24','1981-02-07 19:37:33'),(68,68,'unfriended','1977-09-09 12:58:49','1991-06-26 00:18:46'),(69,69,'declined','2018-01-01 08:55:57','1975-02-04 18:23:29'),(70,70,'unfriended','1975-10-25 23:27:43','2022-05-18 00:57:30'),(71,71,'approved','2001-03-25 20:51:52','2004-10-21 06:33:13'),(72,72,'declined','2019-02-11 07:02:17','2015-07-15 01:14:45'),(73,73,'requested','2010-04-16 20:18:35','1985-06-20 00:25:06'),(74,74,'approved','1989-01-01 06:41:27','1992-02-23 22:22:38'),(75,75,'requested','2014-01-31 16:05:42','1981-01-20 10:12:36'),(76,76,'requested','1972-10-20 06:29:18','1997-06-07 21:54:49'),(77,77,'approved','1982-04-26 03:24:35','1981-09-12 00:03:07'),(78,78,'approved','2011-12-13 17:44:26','1987-04-28 11:48:24'),(79,79,'approved','1987-01-14 11:20:09','1973-08-25 11:26:13'),(80,80,'declined','1990-11-29 11:18:49','1989-02-28 09:59:20'),(81,81,'approved','1972-05-17 12:57:49','1998-05-08 17:01:12'),(82,82,'unfriended','1984-02-19 04:04:09','1976-07-20 21:02:39'),(83,83,'declined','1992-11-02 19:50:48','1980-02-28 08:30:28'),(84,84,'requested','1992-10-21 00:34:05','1981-12-24 05:22:08'),(85,85,'declined','1987-10-15 18:55:58','1973-05-22 13:44:19'),(86,86,'requested','1980-03-17 13:20:30','2000-08-12 19:21:02'),(87,87,'approved','1982-11-05 10:24:54','2003-04-11 07:47:50'),(88,88,'approved','2001-01-15 14:27:10','2018-08-16 01:37:58'),(89,89,'requested','2014-10-11 07:21:18','1982-08-09 21:46:22'),(90,90,'unfriended','1991-01-18 18:14:20','2021-08-22 01:04:38'),(91,91,'approved','1985-10-08 02:15:15','1977-10-01 05:13:25'),(92,92,'approved','2007-01-17 05:17:35','1999-10-31 20:42:41'),(93,93,'approved','1975-07-26 03:10:43','2003-05-29 21:33:49'),(94,94,'approved','1992-03-27 06:24:16','1997-03-23 01:38:38'),(95,95,'requested','1995-09-07 14:22:58','2018-11-15 19:36:44'),(96,96,'approved','1976-10-27 04:56:23','2021-08-09 01:36:18'),(97,97,'approved','1989-07-08 14:29:48','2019-08-07 23:58:44'),(98,98,'approved','1978-04-19 07:26:36','2020-01-15 06:22:43'),(99,99,'approved','2012-12-22 17:48:56','2016-02-06 12:56:01'),(100,100,'declined','2020-03-13 22:14:23','1987-01-24 08:39:28');
/*!40000 ALTER TABLE `friend_requests` ENABLE KEYS */;
UNLOCK TABLES;

--
-- Table structure for table `likes`
--

DROP TABLE IF EXISTS `likes`;
/*!40101 SET @saved_cs_client     = @@character_set_client */;
/*!40101 SET character_set_client = utf8 */;
CREATE TABLE `likes` (
  `id` bigint(20) unsigned NOT NULL AUTO_INCREMENT,
  `user_id` bigint(20) unsigned NOT NULL,
  `media_id` bigint(20) unsigned NOT NULL,
  `created_at` datetime DEFAULT current_timestamp(),
  PRIMARY KEY (`id`),
  KEY `user_id` (`user_id`),
  KEY `media_id` (`media_id`),
  CONSTRAINT `likes_ibfk_1` FOREIGN KEY (`user_id`) REFERENCES `users` (`id`) ON DELETE CASCADE ON UPDATE CASCADE,
  CONSTRAINT `likes_ibfk_2` FOREIGN KEY (`media_id`) REFERENCES `media` (`id`) ON DELETE CASCADE ON UPDATE CASCADE
) ENGINE=InnoDB AUTO_INCREMENT=101 DEFAULT CHARSET=utf8mb4 COLLATE=utf8mb4_unicode_ci;
/*!40101 SET character_set_client = @saved_cs_client */;

--
-- Dumping data for table `likes`
--

LOCK TABLES `likes` WRITE;
/*!40000 ALTER TABLE `likes` DISABLE KEYS */;
INSERT INTO `likes` VALUES (1,1,1,'2017-11-29 12:26:59'),(2,2,2,'1991-09-17 08:06:24'),(3,3,3,'2004-08-09 13:17:34'),(4,4,4,'1984-05-30 08:53:45'),(5,5,5,'1983-03-30 08:34:29'),(6,6,6,'1972-09-10 15:17:24'),(7,7,7,'1994-04-04 15:32:25'),(8,8,8,'2018-06-08 14:24:18'),(9,9,9,'2013-08-04 05:05:49'),(10,10,10,'1995-10-19 13:29:11'),(11,11,11,'2021-12-17 00:07:42'),(12,12,12,'2005-03-08 19:53:40'),(13,13,13,'2007-06-09 10:55:49'),(14,14,14,'2010-08-09 21:50:43'),(15,15,15,'2018-10-11 18:44:17'),(16,16,16,'1980-07-02 17:57:27'),(17,17,17,'2004-09-23 00:17:10'),(18,18,18,'2015-08-16 03:40:55'),(19,19,19,'1979-11-16 04:55:17'),(20,20,20,'1984-11-04 16:01:47'),(21,21,21,'1991-05-13 22:53:53'),(22,22,22,'2018-03-14 00:21:19'),(23,23,23,'1987-06-18 22:10:46'),(24,24,24,'1991-08-18 09:44:15'),(25,25,25,'2020-04-28 17:33:19'),(26,26,26,'1997-04-11 07:06:51'),(27,27,27,'1975-04-17 14:49:21'),(28,28,28,'1991-03-10 00:54:22'),(29,29,29,'1991-01-26 07:35:53'),(30,30,30,'1997-06-25 03:25:16'),(31,31,31,'1971-06-16 20:38:25'),(32,32,32,'1983-09-21 04:34:59'),(33,33,33,'2017-12-13 18:32:29'),(34,34,34,'1971-09-28 10:59:33'),(35,35,35,'2001-12-15 13:22:51'),(36,36,36,'1976-11-07 04:45:03'),(37,37,37,'1981-12-31 17:36:37'),(38,38,38,'2018-02-25 11:41:12'),(39,39,39,'2007-04-10 13:39:41'),(40,40,40,'2011-07-19 11:28:08'),(41,41,41,'1976-02-09 20:07:23'),(42,42,42,'1985-06-24 13:31:36'),(43,43,43,'1995-05-26 03:56:05'),(44,44,44,'1996-12-22 14:40:33'),(45,45,45,'2005-01-11 04:04:13'),(46,46,46,'2016-11-04 04:21:49'),(47,47,47,'1991-12-12 02:47:36'),(48,48,48,'1983-03-01 21:53:38'),(49,49,49,'2018-11-30 06:48:18'),(50,50,50,'2013-11-06 00:41:37'),(51,51,51,'2015-05-19 23:38:32'),(52,52,52,'2006-04-17 06:43:57'),(53,53,53,'2002-02-22 22:57:08'),(54,54,54,'2000-02-29 06:28:20'),(55,55,55,'2002-05-18 12:06:33'),(56,56,56,'1988-04-24 18:42:10'),(57,57,57,'1991-08-23 09:46:34'),(58,58,58,'1989-12-27 05:18:07'),(59,59,59,'2018-03-27 09:20:11'),(60,60,60,'2012-10-29 14:13:06'),(61,61,61,'1994-09-13 11:55:44'),(62,62,62,'1982-11-19 17:54:33'),(63,63,63,'1988-05-15 22:59:53'),(64,64,64,'1981-07-15 15:04:11'),(65,65,65,'2000-07-02 13:04:36'),(66,66,66,'2012-10-30 21:06:11'),(67,67,67,'1997-09-16 06:08:07'),(68,68,68,'1991-03-09 09:45:22'),(69,69,69,'1976-01-21 08:48:03'),(70,70,70,'1999-04-02 08:31:21'),(71,71,71,'1973-11-30 20:23:46'),(72,72,72,'1980-06-12 11:17:21'),(73,73,73,'1996-08-30 11:05:43'),(74,74,74,'2010-06-21 08:08:44'),(75,75,75,'2008-10-02 17:49:03'),(76,76,76,'1991-02-17 06:29:03'),(77,77,77,'2004-12-07 02:36:26'),(78,78,78,'1982-07-05 12:59:04'),(79,79,79,'2020-12-09 19:02:18'),(80,80,80,'2017-12-27 09:28:10'),(81,81,81,'2019-02-14 16:30:29'),(82,82,82,'2003-05-11 03:11:58'),(83,83,83,'2018-02-12 13:48:17'),(84,84,84,'2007-10-24 20:37:28'),(85,85,85,'2017-04-14 18:25:26'),(86,86,86,'1991-02-18 01:37:13'),(87,87,87,'2009-11-20 11:24:38'),(88,88,88,'2010-10-10 19:55:01'),(89,89,89,'1975-07-18 14:48:41'),(90,90,90,'2004-04-30 05:57:25'),(91,91,91,'1981-09-08 03:39:40'),(92,92,92,'1970-01-20 09:59:28'),(93,93,93,'2003-05-15 02:11:35'),(94,94,94,'1998-05-17 15:03:13'),(95,95,95,'1972-02-24 06:18:02'),(96,96,96,'2000-05-14 08:55:19'),(97,97,97,'1985-09-26 13:01:13'),(98,98,98,'2003-11-20 20:16:03'),(99,99,99,'1973-09-08 13:08:57'),(100,100,100,'1994-02-28 13:15:57');
/*!40000 ALTER TABLE `likes` ENABLE KEYS */;
UNLOCK TABLES;

--
-- Table structure for table `media`
--

DROP TABLE IF EXISTS `media`;
/*!40101 SET @saved_cs_client     = @@character_set_client */;
/*!40101 SET character_set_client = utf8 */;
CREATE TABLE `media` (
  `id` bigint(20) unsigned NOT NULL AUTO_INCREMENT,
  `media_type_id` bigint(20) unsigned DEFAULT NULL,
  `user_id` bigint(20) unsigned NOT NULL,
  `body` text COLLATE utf8mb4_unicode_ci DEFAULT NULL,
  `filename` varchar(255) COLLATE utf8mb4_unicode_ci DEFAULT NULL,
  `size` int(11) DEFAULT NULL,
  `metadata` longtext CHARACTER SET utf8mb4 COLLATE utf8mb4_bin DEFAULT NULL CHECK (json_valid(`metadata`)),
  `created_at` datetime DEFAULT current_timestamp(),
  `updated_at` datetime DEFAULT current_timestamp() ON UPDATE current_timestamp(),
  PRIMARY KEY (`id`),
  KEY `user_id` (`user_id`),
  KEY `media_type_id` (`media_type_id`),
  CONSTRAINT `media_ibfk_1` FOREIGN KEY (`user_id`) REFERENCES `users` (`id`) ON DELETE CASCADE ON UPDATE CASCADE,
  CONSTRAINT `media_ibfk_2` FOREIGN KEY (`media_type_id`) REFERENCES `media_types` (`id`) ON DELETE SET NULL ON UPDATE CASCADE
) ENGINE=InnoDB AUTO_INCREMENT=101 DEFAULT CHARSET=utf8mb4 COLLATE=utf8mb4_unicode_ci;
/*!40101 SET character_set_client = @saved_cs_client */;

--
-- Dumping data for table `media`
--

LOCK TABLES `media` WRITE;
/*!40000 ALTER TABLE `media` DISABLE KEYS */;
INSERT INTO `media` VALUES (1,1,1,'Cupiditate soluta accusantium mollitia magnam et aut. Placeat architecto enim iste repellendus cupiditate. Et pariatur odit deserunt rerum.','id',0,NULL,'1989-01-06 19:13:22','1992-07-07 13:28:15'),(2,2,2,'Nihil eum et vitae sit fugiat nulla sapiente quas. Quae sapiente aut nihil et et fuga.','expedita',79333335,NULL,'1974-11-16 06:55:11','2006-04-04 10:50:24'),(3,3,3,'Iste tenetur laboriosam consequuntur autem ratione veritatis. In eligendi explicabo aut aliquid molestias repellendus delectus.','voluptatibus',8,NULL,'2004-11-28 08:12:58','2004-06-03 07:12:05'),(4,1,4,'Est aspernatur nulla quia. Temporibus maxime atque libero pariatur.','debitis',47941,NULL,'1987-08-31 23:32:50','2018-11-15 15:34:17'),(5,2,5,'Qui voluptas vel unde labore. Exercitationem non praesentium vel quis maxime est impedit quia. Fugiat delectus perspiciatis fuga dolorum ea.','animi',60,NULL,'2001-05-28 15:32:56','1974-11-14 02:36:58'),(6,3,6,'Unde et blanditiis est pariatur suscipit cum accusamus. Tempore perspiciatis consequuntur inventore ex facilis inventore. Ipsa autem nisi incidunt. Est sunt esse soluta suscipit et.','est',7462211,NULL,'1974-10-20 21:04:48','2006-02-25 02:18:49'),(7,1,7,'Aperiam eum velit earum modi. Minus dolorem quo vitae quia at. Animi ut similique nihil laborum doloremque aut accusantium.','sequi',1121,NULL,'1986-12-13 21:06:33','1991-06-18 10:48:44'),(8,2,8,'Maiores eos occaecati dolorum ducimus. Voluptas sequi iure blanditiis nemo quisquam totam assumenda. Pariatur aut animi vitae earum libero qui.','non',688,NULL,'2006-12-11 10:20:56','1977-04-27 16:21:37'),(9,3,9,'Saepe nihil voluptatem repellendus vero optio omnis repellat incidunt. Est dolorem voluptate quibusdam illum debitis. Voluptatum ratione neque et repudiandae unde eum est.','earum',800,NULL,'2006-04-09 01:45:18','1997-09-13 09:30:10'),(10,1,10,'Nulla voluptatem totam deserunt non est deleniti corporis. Qui sunt et quasi reiciendis. Sequi veritatis molestiae adipisci quaerat ratione. Consequatur omnis non illo et ab.','a',2022,NULL,'1970-11-04 07:24:57','1974-10-23 11:10:26'),(11,2,11,'Blanditiis hic eos omnis quis ipsa ut. Perferendis repellendus officiis laborum quam placeat. Quo vel quam nihil qui.','eius',73283512,NULL,'2001-04-25 16:50:21','1982-12-13 09:37:43'),(12,3,12,'Et id voluptate quae dolores. Quia fugiat ex reprehenderit et. Qui nisi ratione officiis debitis tempore tempora.','minima',0,NULL,'1995-05-30 06:05:24','1974-09-22 23:28:55'),(13,1,13,'Odit consectetur et minus et sint. Et harum laboriosam dolor alias. Neque in officiis quia. Mollitia praesentium suscipit officia et consequuntur atque aut.','occaecati',66828304,NULL,'2020-05-27 01:10:43','1989-05-11 18:05:58'),(14,2,14,'Consequuntur et laudantium at ipsam. Non cumque vel et modi ipsa. Possimus sit est quam reprehenderit veniam vero. Minus corrupti nobis aliquid quis.','atque',178,NULL,'1987-10-31 11:30:59','2021-08-22 11:02:57'),(15,3,15,'Aut recusandae neque natus enim. Perspiciatis accusantium doloremque ex illum exercitationem non. Autem quis nulla provident cupiditate inventore nobis dolorem explicabo. Rerum cum omnis voluptas corrupti cum.','facilis',20,NULL,'1972-07-07 05:08:47','1977-09-15 04:58:58'),(16,1,16,'Aperiam asperiores totam error ut vel maiores optio. Non enim molestias voluptatem qui consectetur aut. Totam earum quia qui tempore velit dolor. Eaque est quis facere optio quaerat modi.','aspernatur',868886417,NULL,'1981-03-03 19:50:15','1985-01-21 04:01:04'),(17,2,17,'Autem dolore quia officiis commodi praesentium tempora voluptas vel. Aut omnis optio deleniti veniam itaque asperiores est distinctio. Illo pariatur dicta optio sunt.','non',549399,NULL,'2017-10-17 03:41:54','1989-05-23 19:03:59'),(18,3,18,'Autem alias ratione sint dolores. Accusantium laudantium et consectetur fugit. Numquam molestiae iusto hic dolores.','a',0,NULL,'2002-12-22 14:32:43','1976-08-13 18:38:36'),(19,1,19,'Aliquam quia rem voluptatum voluptas qui. Nobis perferendis ad rerum quam facere totam. Porro consequuntur vel labore perspiciatis. Sunt in nam non incidunt nihil at vero.','adipisci',65558873,NULL,'1974-09-20 04:23:34','1970-12-16 11:03:12'),(20,2,20,'Qui dolor magni enim. Neque dolorem autem provident maxime. Cupiditate itaque dolores fugiat eos doloribus quod ipsam veritatis.','totam',97106,NULL,'1981-11-20 20:26:57','2006-07-14 14:22:02'),(21,3,21,'Alias rem aperiam repudiandae omnis placeat cupiditate commodi qui. Voluptas quam dolorum eos placeat non. Earum nobis occaecati rerum delectus veniam.','quis',98,NULL,'1977-08-05 07:59:50','1983-11-15 23:56:00'),(22,1,22,'Temporibus voluptatem aspernatur praesentium in et dolore pariatur eligendi. Tenetur aliquam eos ea dolores ducimus minima sit. Sint ut error ab ipsum blanditiis voluptatum. Dicta eveniet qui esse quaerat molestiae sit ut et. Explicabo aliquid facilis facilis corporis.','et',8325,NULL,'1983-08-21 08:05:23','1995-02-18 05:18:55'),(23,2,23,'Aliquam aut laboriosam expedita. Ducimus repudiandae vel rerum corrupti ipsum dolores. Est quae impedit qui et repudiandae. Rerum iusto hic nostrum corrupti eaque.','qui',4904328,NULL,'2004-12-10 00:44:19','2009-04-29 17:39:44'),(24,3,24,'Est exercitationem molestiae illum temporibus dignissimos aut. Ab neque ut explicabo tenetur. Voluptas dolore nobis ipsum voluptatem.','accusantium',35065,NULL,'1986-11-11 13:02:37','1987-03-05 16:01:09'),(25,1,25,'Numquam tempore qui cumque ex voluptatem nostrum. Qui facere earum at voluptate perferendis. Quas eius mollitia est ut voluptatem enim. Quia et esse aut architecto saepe libero.','quasi',934541,NULL,'2022-02-03 06:56:40','2015-05-09 07:59:10'),(26,2,26,'Soluta tempora quo est vitae tempora fugit consequatur dolores. Doloremque doloribus possimus cumque enim neque beatae. Et ut enim qui temporibus ut suscipit. Ex natus iusto sed impedit aut molestiae.','voluptatibus',0,NULL,'2002-07-29 02:49:21','1987-11-27 23:28:38'),(27,3,27,'Adipisci tempore placeat qui omnis voluptate odio dolores atque. Aut similique nihil officiis iure. Deleniti dolorum distinctio sint est voluptas. Non libero in velit libero placeat.','sunt',628709,NULL,'1993-03-19 22:30:40','1995-12-24 07:51:54'),(28,1,28,'Minima eos est ut placeat. Deleniti dolorem dolores fugiat sint. Vero aliquid voluptas ut eos aspernatur quia necessitatibus.','eum',9,NULL,'2014-04-24 02:06:57','1985-03-22 22:34:26'),(29,2,29,'In autem placeat voluptas dolor aliquam. Consequatur voluptatem perferendis consequatur consequatur. Omnis soluta iusto maxime earum consequatur et. Sunt aperiam placeat quas illum deserunt mollitia atque.','eligendi',0,NULL,'2012-08-28 21:19:37','1974-02-01 03:19:25'),(30,3,30,'Dolorem eum facilis nam saepe vitae maxime. Sint dolor magni minima non. At qui modi eos nihil velit debitis modi sunt.','quam',975214,NULL,'1998-09-25 03:41:18','1992-03-19 12:46:45'),(31,1,31,'Adipisci fuga quis ex fugit nobis. Assumenda quisquam doloremque provident. Aspernatur a nulla tempore omnis est.','temporibus',0,NULL,'1980-08-27 10:04:41','1972-09-06 11:50:58'),(32,2,32,'Et error ex natus hic. Rem atque occaecati et voluptas vel asperiores ut hic. Assumenda quos mollitia quidem et sit fugiat sit. Consequatur eum voluptas quis accusantium numquam. Commodi minus harum animi ut.','iste',435,NULL,'2018-01-23 19:23:41','1987-06-10 07:33:40'),(33,3,33,'Eos vel doloribus in similique hic autem iure. Et in et vel a. Totam perferendis et impedit aut impedit id architecto. Sint id explicabo aut libero. Ab est fugiat aperiam et in.','molestiae',78842562,NULL,'2015-03-31 05:52:28','2005-03-04 16:25:56'),(34,1,34,'Voluptas placeat veritatis minima atque ea assumenda ut. Amet ad ipsa nihil modi delectus. Sunt expedita est tempore vero.','qui',32639,NULL,'2006-12-29 17:31:50','2009-03-02 16:16:42'),(35,2,35,'Consequatur cupiditate esse dolores autem. Unde eos eius eos et aut deleniti dignissimos. Animi et ex voluptas ipsum sapiente voluptas dolore. Voluptatum exercitationem aperiam tempore et sunt sit autem.','quas',5030,NULL,'2019-08-23 05:01:47','2000-06-02 22:43:51'),(36,3,36,'Nesciunt nisi vitae impedit accusamus et. Iusto et provident et amet tenetur quod aliquid. Est consectetur odit amet earum. Perspiciatis laudantium aut qui a sit repellendus.','asperiores',0,NULL,'2011-09-23 11:00:47','1982-04-05 06:35:30'),(37,1,37,'Voluptatem aliquam ut doloremque aut nobis consectetur placeat. Ipsum omnis quasi voluptatem voluptatem perspiciatis adipisci sint. Quae nihil consequatur et quam.','eos',358,NULL,'1998-07-17 23:26:47','1988-08-08 19:16:20'),(38,2,38,'Reiciendis expedita fugiat qui rerum voluptatum consequatur repellat. Quibusdam iure ab quos ex ipsam repellat. Aut deleniti nihil dolore error fugit a tenetur.','iure',630678,NULL,'2011-05-28 18:33:37','1980-12-18 20:55:25'),(39,3,39,'Eum molestiae cumque neque itaque et officiis. Expedita eum est cupiditate nihil quisquam officiis. Sunt quasi qui perspiciatis voluptatem sunt aut. Impedit impedit voluptatem amet illo culpa porro.','fugiat',9188,NULL,'1988-02-24 11:45:58','2021-07-21 01:43:41'),(40,1,40,'Asperiores exercitationem quia quas. Officia est soluta ducimus neque dignissimos quasi. Ut suscipit est similique aspernatur.','doloremque',2,NULL,'2014-09-28 13:14:45','1973-05-31 15:31:21'),(41,2,41,'Et reprehenderit provident doloribus necessitatibus dolorem ut. Qui minus assumenda rerum deserunt et et perferendis. Fuga ut praesentium sed sit. Mollitia sint debitis perferendis voluptates laudantium et. Reiciendis vitae aperiam maiores doloribus beatae nihil.','autem',92351268,NULL,'1985-07-06 01:05:37','2009-02-19 20:30:03'),(42,3,42,'Eveniet facere facilis sit non sed. Iusto labore reiciendis unde repellat quam aliquid tempore. Autem dolore animi et unde.','tenetur',879,NULL,'1983-03-10 15:23:34','2017-03-02 21:12:13'),(43,1,43,'At recusandae asperiores aut odio ex. Ut enim rerum voluptatem. Quo unde quae explicabo nihil doloribus est ut. Id incidunt dignissimos minima sequi sint occaecati sint.','voluptatem',0,NULL,'1997-10-04 13:39:27','2004-12-26 15:07:58'),(44,2,44,'Minima voluptatem sed mollitia consequatur sed recusandae. Aliquam magni numquam ipsum nihil ea molestiae deleniti. Et atque vero sint nihil maxime corrupti voluptatem.','sed',60865106,NULL,'2017-06-02 19:35:31','1977-06-14 23:06:30'),(45,3,45,'Illum facilis tenetur sapiente velit fuga voluptatem maxime. Voluptas delectus in rerum. Quibusdam non et accusamus vel temporibus occaecati ut.','occaecati',4447467,NULL,'1972-08-02 02:19:27','1974-11-17 01:15:09'),(46,1,46,'Alias voluptas voluptatem sit officia ad. Corrupti quis nostrum assumenda harum. Libero soluta consequuntur nostrum voluptatem illo ut ullam temporibus. Quaerat dolore consequatur excepturi corrupti voluptate dolorem ratione.','ut',6,NULL,'1993-05-23 17:04:07','2002-11-19 20:17:30'),(47,2,47,'Molestiae unde perspiciatis dolor error iste voluptatum modi. Ad asperiores qui quaerat.','vel',4991,NULL,'1990-06-13 22:55:03','1982-11-23 18:43:29'),(48,3,48,'Aliquid et placeat qui officia. Ipsam sed ea dicta exercitationem. Corporis harum eius eos ullam a qui fugit. Illum blanditiis quae harum.','beatae',58840698,NULL,'1973-03-12 00:38:25','2016-02-04 19:46:40'),(49,1,49,'Illo inventore commodi quasi. Nemo occaecati quos quisquam rerum voluptatem aperiam. Totam officia eum voluptatibus amet cum. Ducimus nihil earum voluptatibus quidem eaque. Sint maiores deserunt earum.','architecto',8307,NULL,'2001-11-25 23:15:19','2005-04-06 14:49:50'),(50,2,50,'Quo sed minus corrupti earum. Et delectus sed sequi perspiciatis omnis est eum fugit. Et autem ut voluptates facilis qui unde. Quis nisi omnis amet aliquid.','quia',639310,NULL,'2000-12-30 07:50:47','1976-02-22 06:48:57'),(51,3,51,'Culpa est perferendis quia dolorum. Quas architecto beatae cumque in. Et et tenetur velit et fugiat. At quaerat quidem aut cupiditate sint.','praesentium',33143,NULL,'1996-05-02 14:04:33','2020-08-10 08:43:46'),(52,1,52,'Ratione molestias dolorum inventore sed. Dolor ut aut totam neque amet molestias debitis. Quam nemo debitis ipsum odit earum est.','deleniti',482,NULL,'1994-10-16 14:55:28','1975-12-06 18:50:07'),(53,2,53,'Laborum quia consequatur soluta libero temporibus voluptas ut. Enim aut atque minus voluptas. Sunt ut molestiae molestiae doloremque omnis nesciunt voluptatem. Exercitationem rem quis ut doloribus ut.','quidem',23350,NULL,'2001-12-26 01:03:36','1982-09-23 02:21:36'),(54,3,54,'Ea ipsa numquam in quas voluptate. Expedita rerum ea tenetur id.','et',2630,NULL,'1974-09-13 20:18:09','2004-03-31 08:19:26'),(55,1,55,'Accusantium velit aperiam ducimus asperiores aut distinctio animi. Temporibus aut commodi sapiente qui ut. Cupiditate quis voluptas est illum est nam quisquam. Consectetur maxime non nihil quod.','officiis',81948,NULL,'1978-03-16 09:20:13','1990-05-17 14:59:40'),(56,2,56,'Provident quisquam qui aperiam iure voluptates. Fuga deleniti quasi quo aut est deleniti. Inventore saepe sit ut et architecto accusamus.','veritatis',1446,NULL,'2019-02-06 02:49:03','1979-12-17 04:56:37'),(57,3,57,'Dolor molestias soluta aliquam quis alias quia cum. Ut autem molestias eligendi cumque. Sit qui praesentium vitae cum ipsa eos magni.','eos',68601,NULL,'2013-11-28 10:25:01','1974-02-12 18:36:17'),(58,1,58,'Commodi voluptas delectus id sunt recusandae. Exercitationem minus animi qui dolor. Voluptatem id nihil amet veritatis est fuga.','deserunt',806281100,NULL,'2001-08-19 08:10:42','2021-03-07 13:09:31'),(59,2,59,'Dignissimos iste totam itaque blanditiis autem occaecati. Dolorem totam id assumenda exercitationem. Culpa quae et ab sint id dolor exercitationem. Sit et ut consequuntur necessitatibus qui eveniet. Laborum vitae et deleniti voluptatem.','libero',25285447,NULL,'2010-08-13 12:47:58','2001-10-13 15:47:07'),(60,3,60,'Occaecati fuga officia aut eum hic. Suscipit ut id et et praesentium quo dolores tenetur. Nostrum hic omnis consequuntur dicta numquam deserunt. Enim et maxime consequatur ipsa sit eos consequatur.','qui',766,NULL,'1996-02-12 21:42:29','1992-07-13 08:06:02'),(61,1,61,'Ad aut blanditiis aliquid quia molestias. Sunt qui itaque vel minima. Vitae labore est nesciunt. Itaque illum a in fuga pariatur voluptas sed. Corporis cupiditate facilis natus ut fugit.','nisi',2,NULL,'1998-06-30 03:51:50','1977-08-13 13:33:18'),(62,2,62,'Minima itaque nobis eligendi laboriosam est et. Tempora repellat nulla iste vitae rem occaecati. Debitis sit vel maxime numquam nihil nemo nesciunt. Iure et id consequatur vitae voluptas omnis.','illum',268252,NULL,'1981-01-29 22:36:46','1987-07-29 05:17:59'),(63,3,63,'Blanditiis at nisi corrupti. Sed enim ullam provident nobis. Et voluptatibus aut delectus adipisci fuga velit. Fugiat doloribus aspernatur quas amet nisi autem aut. Numquam aut et nesciunt.','facilis',45,NULL,'1973-12-08 12:13:47','2013-04-07 10:34:16'),(64,1,64,'Ut sint et sunt ut et. Voluptate atque voluptas nihil dolores eos in ut. Illum qui rerum aut est voluptatem voluptates rerum.','possimus',582,NULL,'2006-04-16 10:50:30','2001-11-11 01:35:02'),(65,2,65,'Autem inventore velit soluta similique fugiat. Aut omnis animi rerum sunt. Incidunt saepe aut labore quam ab omnis est eum.','voluptatem',0,NULL,'2004-03-22 18:42:19','2018-07-29 09:45:57'),(66,3,66,'Officiis maxime expedita placeat velit recusandae. Ut nam perspiciatis voluptates ut est. Repellendus voluptatum maxime velit inventore sed.','repellendus',3506740,NULL,'1999-06-15 01:35:26','1994-04-01 22:48:09'),(67,1,67,'Quasi quaerat quod velit ipsa ut cupiditate. Aut sed qui illum aliquam. In facilis consequatur dolor doloribus et dolorem animi.','quia',162,NULL,'1984-09-24 11:38:40','1985-02-16 16:13:02'),(68,2,68,'Ea et expedita suscipit. Sunt modi reprehenderit vero nihil porro explicabo.','est',46507,NULL,'2005-01-27 23:26:53','2006-05-04 07:58:10'),(69,3,69,'Sint maiores quis fugiat ipsa. Dolores earum eos iusto recusandae voluptatem voluptatem. Nihil odio laboriosam aut modi maiores.','excepturi',24238266,NULL,'1982-05-10 23:48:47','2008-12-08 16:34:14'),(70,1,70,'Vel tempora voluptatum aut ut voluptatem recusandae voluptas. Error voluptatem libero provident dolores ratione. Rerum assumenda omnis ipsum modi dolor modi temporibus. Nisi iusto iure quia perspiciatis quasi.','saepe',5047,NULL,'1984-09-21 05:20:22','1986-08-03 08:26:19'),(71,2,71,'Similique dolor aliquam dolores molestiae quia. Et a aperiam sed. Unde dolorum aspernatur pariatur repellendus. Voluptatum consequatur non odit harum.','cupiditate',0,NULL,'2014-10-19 18:27:47','1985-05-08 08:09:26'),(72,3,72,'Nihil ducimus placeat adipisci explicabo fugiat. Asperiores magni dolores fugit aperiam est et at exercitationem. Repellat nesciunt quia ut et. Quia quibusdam nihil laudantium deserunt aut repellendus.','et',0,NULL,'1970-11-21 22:35:28','1973-01-15 09:06:18'),(73,1,73,'Exercitationem voluptatum iste recusandae consectetur illo dolor qui. Placeat quisquam ut pariatur temporibus. Consequuntur aspernatur qui quaerat ipsa.','repudiandae',868,NULL,'1992-11-22 17:15:11','2021-04-26 14:40:14'),(74,2,74,'Itaque enim voluptatum qui et omnis in quo. Et dolorem officiis facere. Ea deleniti minus sit aut et.','quibusdam',42651,NULL,'2018-06-02 18:57:20','2000-09-02 15:58:03'),(75,3,75,'Sit voluptatem perspiciatis doloribus repudiandae quis. Voluptates similique optio pariatur qui. Aut sed dolores accusamus.','vero',3,NULL,'1981-07-12 22:57:14','1978-11-25 05:29:32'),(76,1,76,'Ut voluptate dolores id voluptas quos vel. Illo qui similique quod numquam sunt sit quis qui. Vel minus qui natus.','aliquid',7101633,NULL,'2013-08-05 11:28:51','1984-02-27 06:18:45'),(77,2,77,'Perferendis voluptas enim dignissimos voluptate sed cupiditate fugit nostrum. Ut sit nostrum eos consequuntur fugiat vel ipsum. Sed eveniet quis culpa quisquam rerum. Id reiciendis qui et inventore qui.','necessitatibus',6,NULL,'2000-08-31 02:38:43','1994-06-29 13:41:36'),(78,3,78,'Voluptas similique illo in voluptatum aut architecto ea voluptatem. Magni molestiae rerum voluptatem. Earum illum est qui illo minima incidunt voluptatem.','alias',14996412,NULL,'1997-07-04 05:57:15','1992-08-04 16:12:15'),(79,1,79,'Tenetur ut numquam sed qui dolores nam. Possimus expedita ut architecto debitis. Quidem libero ad et sint vel. Occaecati aspernatur repellat omnis aut.','accusantium',89,NULL,'1982-04-11 23:38:10','1973-02-27 16:11:26'),(80,2,80,'Saepe ab nesciunt veritatis beatae ut impedit rerum consequuntur. Tempora ipsa et ut et. Consequatur deserunt beatae est qui.','illo',8722414,NULL,'2004-10-15 19:24:04','2002-02-18 11:19:58'),(81,3,81,'Dolorem possimus sunt officiis omnis. Repellendus delectus tempore praesentium laboriosam ut pariatur. Error et omnis ut dolor a. Voluptates deleniti asperiores quas ex voluptate assumenda. Dicta pariatur labore facilis id aut quo unde.','voluptatem',28,NULL,'1994-03-18 14:29:57','1990-07-02 14:39:42'),(82,1,82,'Expedita quibusdam qui et. Vero natus quas aut distinctio. Aspernatur vero id error inventore. Quod repellendus officia qui aut officiis similique.','voluptatem',76534744,NULL,'2015-06-21 08:30:07','2008-10-04 09:15:56'),(83,2,83,'Doloremque sed repellendus sunt rerum blanditiis qui. Dolore maxime soluta dolore cumque quis laudantium. Facilis ut et id expedita sed beatae.','non',3600,NULL,'1990-03-30 01:02:44','2009-03-31 06:05:33'),(84,3,84,'Rerum qui vel voluptate ipsa ab. Dolor ipsa qui quisquam voluptas. Alias mollitia distinctio ipsa dicta impedit corporis qui. Dolorum eveniet quia dignissimos qui.','voluptatem',9737592,NULL,'2016-02-01 04:40:24','2004-03-16 05:00:54'),(85,1,85,'Qui ducimus id recusandae quaerat sit qui ab. Reprehenderit nihil cumque impedit earum omnis. Quia velit ex rem facere voluptas corporis et. Error tenetur ipsum ad porro. Qui assumenda excepturi tenetur velit.','molestiae',98,NULL,'1999-06-25 04:05:50','2003-10-24 07:31:41'),(86,2,86,'Quod rem et voluptate pariatur aliquid. Ea nihil perspiciatis itaque dignissimos consequatur dolore officiis. Perspiciatis incidunt exercitationem ea repellat.','quo',65,NULL,'2006-12-26 05:54:21','1985-06-27 15:05:53'),(87,3,87,'Voluptas et magnam molestiae. Est voluptas vel qui praesentium vitae. Omnis eius temporibus eum in doloribus. Provident commodi quasi consequatur vitae.','inventore',0,NULL,'1982-11-18 01:43:22','1985-10-25 10:07:59'),(88,1,88,'Accusantium vero et error. Nihil laborum officiis et corrupti. Incidunt pariatur non ex aut. Ea minima quisquam est et fugit est laborum molestiae.','delectus',62638535,NULL,'1997-03-19 03:14:08','2020-05-26 09:59:36'),(89,2,89,'Eos itaque dolor ut aut deserunt. Laborum minima enim nulla quidem eum asperiores autem.','eveniet',970754,NULL,'2009-05-22 14:41:32','2016-10-15 23:34:39'),(90,3,90,'Quis inventore commodi eos. Sit non similique sequi et velit rerum. Culpa vitae quo omnis ut aliquam repellat delectus.','et',616870,NULL,'2012-01-08 06:38:19','2012-10-02 21:57:07'),(91,1,91,'Voluptas eos recusandae ad enim dolor consequatur commodi. Sit suscipit illum nostrum autem eos. Ut repellat alias temporibus voluptatem tenetur modi consequatur saepe. Sed aut qui nam numquam.','accusamus',8811,NULL,'2012-08-31 20:44:30','2021-03-23 18:03:36'),(92,2,92,'Praesentium officia dignissimos ut ea deleniti aut laborum non. Et itaque earum mollitia earum rerum tempora aut.','delectus',5167,NULL,'2012-07-26 18:38:51','2015-03-23 21:28:16'),(93,3,93,'Voluptas animi vel aut nobis quaerat. Qui excepturi illo et aperiam earum sint voluptates magnam. Ut aut odit neque qui. Quis cupiditate non velit beatae accusantium.','et',75834,NULL,'2017-06-12 05:17:57','1976-10-10 23:09:01'),(94,1,94,'Aut alias molestiae blanditiis ratione non id. Qui ea molestias tenetur suscipit illum. Ut qui iste nam temporibus aut corrupti. Animi eos in saepe quisquam inventore.','id',0,NULL,'1971-03-11 06:26:53','1983-10-05 19:12:04'),(95,2,95,'Numquam soluta facere sit debitis velit. Ut id voluptatem eveniet nisi iure autem. Voluptate ex odit voluptatibus ducimus necessitatibus placeat quo. Illo sit non iure rem ipsa numquam sint. Magni molestias autem et hic.','et',788638518,NULL,'1998-12-05 07:39:10','1975-12-08 12:32:09'),(96,3,96,'At molestiae magni nostrum fuga. Laboriosam ea ipsa temporibus blanditiis. Sit quas qui ab ut.','perspiciatis',621,NULL,'1974-06-01 14:09:44','1984-03-24 14:35:24'),(97,1,97,'Quaerat facilis facilis nisi voluptatibus. Repudiandae ea quia voluptatibus praesentium est.','dolores',2,NULL,'2002-08-27 15:53:28','1983-02-18 01:23:13'),(98,2,98,'Debitis expedita adipisci eum labore nulla illum omnis id. Sit est qui et est vero at id. Nam quia et magnam. Fugit dolores unde nam architecto aut eius nulla fugit.','illum',74716416,NULL,'2012-10-27 10:44:46','1979-04-29 11:51:16'),(99,3,99,'Aut quam autem quidem qui voluptate id et. Fuga eos ullam occaecati in at alias. Similique harum ut voluptatem aut velit quisquam. Dicta veritatis distinctio est sed nobis.','repudiandae',1514715,NULL,'2009-10-27 20:35:33','2006-11-07 07:24:46'),(100,1,100,'Saepe blanditiis harum placeat rerum. Consequuntur quod non rerum praesentium consectetur excepturi quos.','autem',98563,NULL,'1984-06-14 07:51:30','1991-03-06 05:24:47');
/*!40000 ALTER TABLE `media` ENABLE KEYS */;
UNLOCK TABLES;

--
-- Table structure for table `media_types`
--

DROP TABLE IF EXISTS `media_types`;
/*!40101 SET @saved_cs_client     = @@character_set_client */;
/*!40101 SET character_set_client = utf8 */;
CREATE TABLE `media_types` (
  `id` bigint(20) unsigned NOT NULL AUTO_INCREMENT,
  `name` varchar(255) COLLATE utf8mb4_unicode_ci DEFAULT NULL,
  `created_at` datetime DEFAULT current_timestamp(),
  `updated_at` datetime DEFAULT current_timestamp() ON UPDATE current_timestamp(),
  PRIMARY KEY (`id`)
) ENGINE=InnoDB AUTO_INCREMENT=4 DEFAULT CHARSET=utf8mb4 COLLATE=utf8mb4_unicode_ci;
/*!40101 SET character_set_client = @saved_cs_client */;

--
-- Dumping data for table `media_types`
--

LOCK TABLES `media_types` WRITE;
/*!40000 ALTER TABLE `media_types` DISABLE KEYS */;
INSERT INTO `media_types` VALUES (1,' music','1974-01-20 00:25:20','2006-02-18 22:07:35'),(2,'photo','1977-04-06 06:30:44','1989-05-11 15:09:19'),(3,' video','1970-06-05 17:02:11','2013-12-09 13:58:03');
/*!40000 ALTER TABLE `media_types` ENABLE KEYS */;
UNLOCK TABLES;

--
-- Table structure for table `messages`
--

DROP TABLE IF EXISTS `messages`;
/*!40101 SET @saved_cs_client     = @@character_set_client */;
/*!40101 SET character_set_client = utf8 */;
CREATE TABLE `messages` (
  `id` bigint(20) unsigned NOT NULL AUTO_INCREMENT,
  `from_user_id` bigint(20) unsigned NOT NULL,
  `to_user_id` bigint(20) unsigned NOT NULL,
  `body` text COLLATE utf8mb4_unicode_ci DEFAULT NULL,
  `created_at` datetime DEFAULT current_timestamp(),
  PRIMARY KEY (`id`),
  KEY `from_user_id` (`from_user_id`),
  KEY `to_user_id` (`to_user_id`),
  CONSTRAINT `messages_ibfk_1` FOREIGN KEY (`from_user_id`) REFERENCES `users` (`id`) ON DELETE CASCADE ON UPDATE CASCADE,
  CONSTRAINT `messages_ibfk_2` FOREIGN KEY (`to_user_id`) REFERENCES `users` (`id`) ON DELETE CASCADE ON UPDATE CASCADE
) ENGINE=InnoDB AUTO_INCREMENT=101 DEFAULT CHARSET=utf8mb4 COLLATE=utf8mb4_unicode_ci;
/*!40101 SET character_set_client = @saved_cs_client */;

--
-- Dumping data for table `messages`
--

LOCK TABLES `messages` WRITE;
/*!40000 ALTER TABLE `messages` DISABLE KEYS */;
INSERT INTO `messages` VALUES (1,94,19,'Veniam blanditiis ducimus voluptates aut. Laudantium aut veritatis consequatur neque. Ipsum tempora aut voluptatem sit eum. Et ab tenetur pariatur cum sapiente ut rerum.','2004-10-02 06:05:49'),(2,41,71,'Et non itaque ipsam eius dolore distinctio. Doloremque qui non et officia. Ducimus placeat dolorem et numquam ipsa nihil delectus.','1989-03-13 13:31:05'),(3,30,80,'Nemo eligendi ut dolores quo ea. Sapiente aut quidem ipsam at voluptatum. Ut aut dolorem ab. Dolores quas quia quibusdam molestias fugit voluptatum eveniet.','2019-02-12 13:32:23'),(4,20,26,'Delectus excepturi sunt expedita beatae et aut. Debitis soluta totam assumenda quia incidunt. Aperiam quidem assumenda autem exercitationem sapiente minima aperiam. Quam iste recusandae ipsum modi deleniti nemo nisi eius.','1970-07-29 07:37:28'),(5,14,82,'Consequatur aspernatur asperiores quod iste. Aut illo eum unde assumenda illum. Blanditiis suscipit ut quia consequuntur esse quibusdam rerum alias.','1996-03-11 15:42:04'),(6,29,7,'Impedit dignissimos et voluptas sed vitae optio enim. Reprehenderit ut eveniet non atque qui rem quaerat. Nemo voluptates suscipit aut. Sapiente est autem iste iusto explicabo. Voluptatem expedita eum et dolorem minima ad qui.','1975-09-14 14:51:54'),(7,72,36,'Ea et officia eveniet ullam eos. Aut quia culpa distinctio sapiente. Accusantium id sit nihil quae id quisquam.','1999-11-21 19:43:17'),(8,6,73,'Sed saepe rerum sit aliquid et. Voluptas incidunt facere minima quo. Maxime repellendus nihil dolores aliquid atque rerum. Omnis eos quod aliquid omnis atque voluptatem.','1970-01-27 07:39:44'),(9,83,89,'Laboriosam voluptas deserunt et quia quas odit. Repellat velit culpa incidunt aut repudiandae. Qui et libero unde qui exercitationem dolor optio voluptatem. Nam numquam eum ipsum ullam repudiandae.','2006-04-13 08:24:59'),(10,60,68,'Voluptates animi eligendi velit et ut velit. Sit est nisi dolores modi pariatur in consequatur. Est molestiae adipisci ad necessitatibus quam. Et ipsum eum assumenda mollitia et non necessitatibus. Unde aut veritatis iure.','2009-11-13 17:55:15'),(11,88,74,'Quas eos sed consectetur dignissimos commodi. At rem consequatur odit corrupti omnis tempora soluta. Architecto sed delectus quo non amet aspernatur recusandae mollitia.','2010-04-09 18:24:04'),(12,95,100,'Rerum possimus est et quasi culpa dicta. Fuga veritatis ut earum quidem suscipit et eius. Voluptate doloribus ipsam labore est odit asperiores.','2006-09-02 02:34:49'),(13,19,33,'At temporibus occaecati temporibus et et quam mollitia fuga. Et atque dolores eum ad. Provident enim enim et architecto quod. Sit laborum aliquam enim id.','2011-05-19 22:39:25'),(14,77,80,'Autem et eos molestias. Doloribus totam possimus quis. Natus occaecati aut alias quo.','1992-02-07 00:58:09'),(15,79,23,'Occaecati dignissimos molestiae maiores delectus sunt quae a. Qui velit ipsa sit. Qui dolores minima fugit ea omnis quibusdam et. Quos sit recusandae et et aperiam.','1975-08-03 23:05:54'),(16,7,44,'Autem veniam quasi illo quia repellat non. Assumenda incidunt dolorum fugiat nobis voluptatem debitis rerum inventore. Nisi quia harum eos pariatur atque doloremque.','2011-08-14 18:28:02'),(17,93,36,'Qui cumque et porro est. Voluptatibus qui non officiis a.','2012-01-17 03:36:28'),(18,71,20,'Possimus vero fugit et numquam. Soluta et et similique aut nesciunt veniam. Qui quis dolor dolorem dolore esse.','1989-03-11 20:35:30'),(19,68,85,'Reprehenderit minus corporis velit qui veniam. Consequatur nam laudantium ut autem. Perferendis qui et quasi asperiores voluptatem.','1976-04-21 18:36:11'),(20,4,20,'Repellat a facilis suscipit soluta consectetur fuga ab. Et iste quas et maxime qui. Maiores non in sunt distinctio.','2022-02-23 09:58:00'),(21,14,76,'Ipsum expedita velit sit ad tempora. Est voluptas dicta repellat. Nihil sit iste repellat odio non pariatur perferendis.','1987-03-03 23:08:01'),(22,54,29,'Error vero quo numquam similique. Culpa velit ut molestiae sit doloribus. Voluptas placeat dolorum eum.','1977-08-21 18:03:01'),(23,77,75,'Ea quis aperiam quia facere. Ipsa officiis earum quos consequatur libero. Tenetur optio cum doloremque iure voluptate ratione. Unde nulla voluptatibus quia et.','1974-09-15 04:53:56'),(24,70,20,'Enim ex quia in libero. Nobis est cum vero et. Voluptatem in dolorum aliquam mollitia. Ut nostrum quia provident magnam et sit.','2017-10-09 05:11:04'),(25,35,59,'Odit voluptatem provident quaerat tenetur eos et et. Eos nemo rerum quo. Pariatur eaque laudantium expedita repudiandae est ducimus officiis doloribus. Necessitatibus rerum qui accusantium dicta voluptatem quia animi. Officiis est quia non dolorem enim autem.','1999-12-30 14:25:16'),(26,89,79,'Architecto repellendus ex optio voluptas. Eaque assumenda reprehenderit beatae molestiae libero quis sunt. Quas at molestiae est provident quidem voluptatem voluptatibus.','1970-08-20 05:04:29'),(27,2,94,'Ducimus maiores omnis nostrum molestias error quos. Est et debitis in. Et impedit autem neque. Corporis veniam quam ut modi. Nam et placeat commodi ipsa.','2002-09-02 05:04:32'),(28,1,37,'Non deserunt quidem inventore enim aliquid voluptatem quasi in. Asperiores sed ut aut ea amet. Consectetur quod doloremque est officiis iste dolorem.','1973-09-26 19:56:58'),(29,93,43,'Eos ipsa sapiente eius dolor commodi ipsa. Natus sunt omnis autem nemo ut nam. Nisi sed quia veritatis doloribus.','1977-12-19 06:28:07'),(30,83,46,'Voluptatem accusantium non ad adipisci. Itaque aut similique consequatur. Suscipit dolorem et dolorum minima harum et.','1988-03-07 00:20:13'),(31,87,31,'Rem id voluptatibus dolor in recusandae autem. Magni aut cumque tempore eum. Nihil nihil cumque rem dolor.','1985-07-28 11:01:49'),(32,63,63,'Veniam non earum enim qui nam nihil. Voluptatem placeat illo iure dolorem nisi. Quaerat ea odit hic laboriosam totam inventore. Sint assumenda et repudiandae aut deserunt quis et.','1995-03-24 23:05:13'),(33,30,71,'Natus voluptatum vel nobis itaque aut. Voluptas ratione consectetur aliquam commodi porro. Eos voluptatem optio ratione quibusdam temporibus veritatis autem. Consequuntur sit consequatur officia totam. Ut ipsa laudantium eos id sunt.','1999-05-05 13:31:20'),(34,87,12,'Minima laudantium qui dolore labore quia saepe quisquam. Optio rem blanditiis doloremque non aliquid voluptas. Enim qui accusamus odio non eum. Non voluptatem earum magni distinctio qui omnis qui.','2017-01-01 20:14:02'),(35,10,7,'Hic molestias laborum dolores soluta et facilis. Nam repellat explicabo doloremque assumenda pariatur. Est animi ipsam recusandae itaque illo at hic.','2018-10-30 06:41:00'),(36,29,43,'Tenetur atque aut nihil aut fugit dolor. Facere corporis veritatis saepe harum vel aperiam rerum. Reiciendis deserunt est voluptatem libero. Cupiditate provident nobis sed est porro necessitatibus facilis.','1993-10-23 19:42:16'),(37,29,99,'Autem et consequatur odio vero dolorum repellat dolor. Cum soluta in rerum nemo. Tempore quibusdam amet id iusto. Aut quae animi exercitationem molestiae. Natus reprehenderit sed aut necessitatibus totam.','1999-12-05 11:00:21'),(38,4,69,'Earum est recusandae ut et. In odit sed est aliquam dolor explicabo ab. Voluptatem impedit illum quia perferendis. Exercitationem odit nesciunt ipsa qui dolorem.','2020-08-02 01:18:25'),(39,46,72,'Qui quo harum quis occaecati veritatis. Nobis reiciendis consequatur et quis ut qui.','1972-08-06 16:35:33'),(40,95,32,'Blanditiis et voluptate aut autem. Nihil illum eligendi quia provident ut.','2008-01-20 16:04:59'),(41,26,31,'Vero tempora asperiores ab quod et sint velit. Sint eum esse a. Quis dolorem et harum unde ut ut ab.','1997-09-24 06:45:53'),(42,99,74,'Eos possimus cum nulla aliquid. Doloribus perferendis autem saepe cumque. Voluptas suscipit vitae dolorem dolor nihil non in magnam. Nobis voluptatem consectetur delectus excepturi consequuntur.','2009-06-27 03:16:15'),(43,44,67,'Assumenda est corrupti non laborum quas nemo alias. Natus dolor cupiditate quasi. Sequi perspiciatis perspiciatis id a explicabo sit.','2020-02-12 11:50:34'),(44,91,97,'In qui omnis ut at. Illo enim nemo sunt deserunt. Aperiam unde beatae eos vero est eum. Maxime et sit vel laudantium dignissimos modi animi.','1994-09-18 07:57:18'),(45,82,4,'Provident sed qui consequuntur sed. Iusto deleniti recusandae et perspiciatis omnis eos. Eveniet aspernatur ea reiciendis vitae impedit.','2018-06-06 21:52:39'),(46,24,27,'Quo provident ducimus harum qui illum aliquid. Et quia ipsum quia fuga et et ipsa blanditiis.','1971-04-30 04:04:10'),(47,21,67,'At et mollitia neque ipsam enim illum placeat. Suscipit necessitatibus provident neque et excepturi. Omnis non rerum voluptates omnis sapiente quibusdam nihil. Placeat aliquid perferendis reprehenderit et explicabo. Distinctio fugiat qui voluptatem asperiores quaerat perspiciatis in.','1997-03-07 14:48:49'),(48,16,67,'Tempore eligendi libero corrupti quam consequatur quam quibusdam est. Necessitatibus qui enim quaerat dolorum magnam qui.','1986-12-31 13:47:24'),(49,26,65,'Exercitationem et occaecati magnam quaerat consequatur. Voluptates optio asperiores nemo non debitis ipsa veritatis. Est omnis autem quia quo sint. Rerum dolorem quis cum ratione molestiae.','2000-01-10 15:17:19'),(50,38,13,'Quae dolor sit quod optio numquam quia. Quam iste consequatur enim distinctio. Quasi magni eum et et mollitia id. Et itaque fugiat ut commodi occaecati. Tenetur cumque velit fuga nulla.','2019-04-22 13:40:16'),(51,67,97,'Sit quisquam natus facere optio consequatur soluta nihil hic. Eos quaerat cupiditate dolorum fugit non incidunt. Labore qui quasi et et qui ut.','1980-03-02 04:30:46'),(52,45,42,'Maxime facilis aperiam saepe veritatis doloribus nulla qui. Vitae tempora rem magni at. Et dolore aut nihil qui. Et aliquid qui quia explicabo asperiores harum.','1978-09-11 10:20:18'),(53,65,47,'Qui nihil impedit nobis corporis illum ipsam. Voluptates facere maiores minima et minus vitae quis. Aut porro ratione quis earum alias.','2000-02-24 03:09:42'),(54,6,54,'Voluptatum eveniet eum quia aut odit. Animi est vero excepturi possimus omnis reprehenderit. Inventore sapiente quam voluptate magni repudiandae rerum.','2022-05-24 21:56:29'),(55,40,76,'Et nihil animi ea tenetur dicta rem recusandae. Est dolor sunt quibusdam autem. Pariatur laboriosam aut culpa ipsa adipisci.','1984-05-15 00:26:55'),(56,71,64,'Quod ab repellat voluptatem eos. Vero at aut est expedita dolor hic consequatur. Quia quia officiis illo suscipit. Cupiditate dicta voluptatem sunt eum fuga est reprehenderit enim.','1996-04-16 08:44:46'),(57,43,34,'Placeat nisi molestiae aspernatur omnis. Delectus iure provident earum iusto dolor. Dolorem suscipit molestiae sit ut voluptas eum.','2014-03-28 03:10:55'),(58,65,86,'Aliquam non mollitia optio ea. Unde illo eos eum vero animi explicabo labore velit. Explicabo repudiandae fugit vero vero quisquam animi facilis. Et sit sed quae eos dolore voluptatum quo aliquid.','1983-07-04 14:32:38'),(59,68,6,'Rerum ut ratione autem necessitatibus aspernatur iste tempore. Omnis accusantium distinctio placeat aut rerum atque. Aspernatur et et cum deleniti ad ab beatae. Id nihil harum quia impedit dolorem. Vel sit maxime quae labore dicta doloremque aut.','2003-10-30 06:55:09'),(60,77,45,'Error et recusandae incidunt voluptatum similique. Consequatur et quo et ut. Amet quo qui explicabo doloremque. Corporis laboriosam illo ut et rerum dolor molestiae.','1982-04-23 13:34:53'),(61,37,30,'Ut ut laudantium omnis magnam eaque enim harum ratione. Quas rerum in veniam dolore quasi provident officiis. Ab vitae distinctio dolorum consequuntur corrupti saepe. Ut voluptate non dolorum molestias.','1989-12-05 07:44:37'),(62,63,55,'Rerum ipsam aliquam est numquam rem rem. Quae consequatur impedit voluptate molestias voluptatem rerum. Nesciunt laborum hic est et incidunt. Consectetur maxime ut dolorum eveniet tempore minima soluta facere.','2006-05-18 02:56:32'),(63,50,91,'Non pariatur sapiente aspernatur quibusdam. Dolores cupiditate esse saepe ea quis reiciendis. Quae sunt dolor non quis rerum aut quae distinctio.','1971-08-11 15:33:07'),(64,16,12,'Animi ipsa explicabo rerum nostrum dolor quasi. Optio labore aut voluptatem illum rerum assumenda. Ut maxime et vero laudantium aut maiores voluptates. Qui error quia perferendis fugit est sit omnis fuga.','1983-10-14 07:44:17'),(65,60,74,'Sit temporibus debitis alias enim temporibus enim. Quasi laborum ea non optio. Quo pariatur nihil tenetur nisi repudiandae omnis omnis.','1980-11-24 00:47:11'),(66,8,80,'Voluptatem vel aliquam nulla dolorem minima quos. Voluptatum et modi nam dolore. Cum voluptatem libero ut eveniet quia possimus necessitatibus.','2003-11-27 07:14:15'),(67,58,75,'Earum eaque possimus vel maiores nisi dolores possimus rerum. Excepturi sit facere sint quam perspiciatis ea earum. Cum id dolor ut in non.','2007-09-18 12:07:58'),(68,11,63,'Nemo facere vel porro expedita quos et facilis. Molestiae quia est occaecati velit. Quas veniam id magnam rerum vero odio. Autem repellendus aut mollitia laudantium. Quam natus reprehenderit aut officia.','2013-03-16 08:16:37'),(69,25,91,'Corporis nulla qui mollitia aliquid. Veniam sit velit nobis ducimus sit facilis. Et veritatis voluptatibus corporis repudiandae ex sed in. Eum vel quaerat quod nemo ipsum.','1983-10-19 19:44:41'),(70,81,42,'Libero quos similique dolores inventore incidunt voluptas. Est assumenda id voluptate aliquam quis officiis. Porro sit hic voluptatem nihil cumque.','1970-02-25 08:40:28'),(71,33,31,'Impedit quibusdam eos reprehenderit. Quis incidunt beatae sed earum. Qui voluptas minus sint aut saepe quibusdam.','1988-06-16 18:40:31'),(72,51,15,'Id praesentium commodi in suscipit dignissimos omnis fugiat. Voluptas voluptatem ad adipisci facilis ut ratione ipsam. Voluptatem ea placeat nesciunt. Et iste dolores suscipit totam.','1980-04-10 18:11:24'),(73,63,34,'Cum molestias et aperiam accusamus eligendi. Totam excepturi quisquam possimus iusto tempora at. Fuga et recusandae qui eius in enim blanditiis.','1981-11-03 20:18:14'),(74,1,86,'Expedita et amet quod similique nostrum id molestiae. Mollitia iste amet aperiam voluptates dolorem suscipit exercitationem temporibus.','2021-08-15 01:52:59'),(75,66,47,'Ex atque aperiam corporis provident et. Sequi quae laboriosam cupiditate corrupti in. Et fuga in expedita minus. Dolorem odit eum excepturi aut necessitatibus sit odit.','1980-04-27 06:02:22'),(76,20,95,'Quis harum adipisci atque illum ea. Quod natus enim vel aut sint ducimus. Rerum quidem atque maiores quia. Repellat laborum omnis qui cumque repudiandae.','1981-10-25 13:38:14'),(77,76,74,'Suscipit quae consequatur omnis ut nulla. Qui non ab recusandae magni fuga quia odit. Quis aut voluptatem in consequuntur. Aut et quas non quis.','1971-11-24 09:16:42'),(78,56,27,'Molestiae architecto ut ut vero dolor quis. Quia sit velit suscipit totam et nostrum. Accusantium dolores voluptatem beatae et exercitationem corporis commodi. Aperiam aut cum rem consequatur voluptas nemo officiis.','1982-02-13 19:58:03'),(79,53,72,'Atque numquam ea provident vero ut eius iusto. Quisquam quisquam et ut quaerat suscipit consequatur. Consequatur voluptatibus fuga corrupti in et nulla sequi. Eveniet harum nihil earum doloremque tenetur magnam.','2002-01-07 01:39:03'),(80,64,17,'Quam quod vitae voluptatibus officiis maiores corporis. Sit id quas sit dolores nihil rerum. Occaecati dolore aspernatur rerum in explicabo est.','1997-02-06 21:07:27'),(81,90,91,'Veniam rerum distinctio id. Vel perspiciatis illum porro itaque commodi vero. Officiis dolorem ut quae voluptatibus facilis aperiam quis voluptatem. Expedita nihil quas facere sit mollitia debitis.','2017-08-18 09:59:13'),(82,77,1,'Consectetur non et numquam fuga. Aspernatur corporis aut dolores quae. Doloribus libero sed alias. Magnam error odio dignissimos eos accusantium.','2017-01-28 10:26:03'),(83,51,15,'Sed tenetur rem occaecati et laudantium ipsa esse aperiam. Iure minima unde consequuntur recusandae aliquid.','1996-02-01 16:48:09'),(84,83,57,'Maxime animi aut repellat incidunt voluptatem animi enim. Illum numquam ipsam corrupti laboriosam voluptatem sit et. Aut praesentium deserunt dolore voluptatem culpa. Suscipit doloribus laboriosam delectus.','1979-07-06 04:21:19'),(85,67,15,'Officiis eveniet veniam eos quia itaque. Sint ipsam eligendi in enim nam ut esse. Nemo reprehenderit deserunt illo et aut. Molestias vel quia sapiente.','2006-09-03 11:30:27'),(86,21,66,'Dolor molestias quis molestias autem officia. Molestiae odit voluptas dolorem. Ut et ea enim. Dolore et minus non. Maiores qui exercitationem ut sed.','2009-10-22 13:49:19'),(87,19,17,'Voluptatibus quia vel et soluta minus. Perferendis consequatur molestiae et ut facere et nisi. Ducimus natus doloremque soluta neque dolor quis eveniet. Voluptatem cupiditate quibusdam consequuntur eligendi excepturi.','2019-12-12 18:36:56'),(88,66,27,'Ullam animi labore omnis eligendi sed corporis. Laboriosam rerum vero consequatur modi qui neque consequatur. Omnis tempora explicabo aut ab provident. Sit odit illum vero voluptatem et excepturi porro rerum.','1987-03-16 22:27:22'),(89,76,83,'Eos explicabo totam consequatur est et quia voluptatibus fugit. Veritatis odit eum eum quis. Rem ipsam quod at provident.','1976-01-08 19:02:08'),(90,95,48,'Magnam nobis ducimus possimus ea eaque hic. Labore voluptatem totam ipsum aut iure. Quisquam facilis natus qui similique et vitae et. Magnam error id dolorem mollitia ea non.','1979-01-06 11:44:29'),(91,14,80,'Sint facere dolorem minus dolore qui dolor qui repellendus. Fugit quos est saepe quidem. Consequatur non quia omnis ipsum. Asperiores non quae quisquam voluptate tempore occaecati. Laudantium nisi quo enim recusandae commodi quia omnis.','2012-04-09 14:55:28'),(92,36,72,'Doloremque aut ut autem explicabo. Excepturi quae sit perferendis aperiam. Quia fugit autem nihil eos nesciunt sint nihil.','1984-08-31 23:33:32'),(93,62,88,'Voluptatem numquam et odio eius maiores. Expedita atque omnis molestias sit ut quos.','2000-06-11 23:28:14'),(94,90,46,'Nemo ut animi similique sed quidem quo necessitatibus. Labore atque aliquam consequatur ipsum commodi. Non consequuntur est velit tenetur nesciunt provident quaerat molestias.','1999-12-31 01:51:56'),(95,6,28,'Dolorem modi sed in fuga ipsum illo. Dolore odit eveniet accusamus adipisci omnis porro. Qui ducimus nemo quas quia ea et quis quia. Cumque sunt autem voluptatibus pariatur quis.','1970-11-14 19:34:53'),(96,55,25,'Quia animi porro eum voluptatum. Molestias eos eveniet voluptate et quia voluptatem sunt cum. Minus nobis eligendi qui eum eos.','1996-11-09 05:10:16'),(97,86,37,'Id sit rerum corrupti et quo dicta velit omnis. Porro non assumenda perspiciatis voluptas quae eveniet hic. Cumque aut assumenda exercitationem aut et illum quaerat ut. Dolorem quo est vel voluptatem ad. Rerum pariatur consectetur culpa corporis.','1974-09-05 11:25:53'),(98,92,77,'Consectetur mollitia libero et ea maxime qui aliquid. Aut autem quae est omnis quia ipsam eligendi. Provident dolorum qui velit cum quos.','2006-09-06 16:37:16'),(99,7,84,'Explicabo cupiditate ex omnis quo. Quo ut qui harum ab suscipit et. Veritatis a perspiciatis sunt maxime omnis aut repellendus. At sint et ea inventore sit.','1981-05-30 20:36:51'),(100,84,73,'Et voluptate accusamus ratione vel aut dolores a. Tempora temporibus ut eaque eligendi. Repellat quo suscipit voluptas nobis enim architecto aut temporibus. Temporibus reprehenderit vel nulla numquam ex.','1999-11-27 21:11:37');
/*!40000 ALTER TABLE `messages` ENABLE KEYS */;
UNLOCK TABLES;

--
-- Table structure for table `photo_albums`
--

DROP TABLE IF EXISTS `photo_albums`;
/*!40101 SET @saved_cs_client     = @@character_set_client */;
/*!40101 SET character_set_client = utf8 */;
CREATE TABLE `photo_albums` (
  `id` bigint(20) unsigned NOT NULL AUTO_INCREMENT,
  `name` varchar(255) COLLATE utf8mb4_unicode_ci DEFAULT NULL,
  `user_id` bigint(20) unsigned DEFAULT NULL,
  PRIMARY KEY (`id`),
  UNIQUE KEY `id` (`id`),
  KEY `user_id` (`user_id`),
  CONSTRAINT `photo_albums_ibfk_1` FOREIGN KEY (`user_id`) REFERENCES `users` (`id`) ON DELETE SET NULL ON UPDATE CASCADE
) ENGINE=InnoDB AUTO_INCREMENT=101 DEFAULT CHARSET=utf8mb4 COLLATE=utf8mb4_unicode_ci;
/*!40101 SET character_set_client = @saved_cs_client */;

--
-- Dumping data for table `photo_albums`
--

LOCK TABLES `photo_albums` WRITE;
/*!40000 ALTER TABLE `photo_albums` DISABLE KEYS */;
INSERT INTO `photo_albums` VALUES (1,'voluptas',3),(2,'quis',10),(3,'id',76),(4,'velit',41),(5,'harum',41),(6,'qui',33),(7,'pariatur',73),(8,'enim',19),(9,'vero',18),(10,'nesciunt',70),(11,'velit',100),(12,'qui',54),(13,'labore',90),(14,'inventore',67),(15,'qui',22),(16,'aperiam',2),(17,'alias',73),(18,'qui',39),(19,'ipsum',89),(20,'ut',8),(21,'impedit',46),(22,'ea',12),(23,'quisquam',90),(24,'praesentium',17),(25,'tempora',26),(26,'illo',83),(27,'tempore',28),(28,'excepturi',70),(29,'distinctio',62),(30,'voluptas',47),(31,'et',78),(32,'dolore',47),(33,'qui',3),(34,'aliquid',85),(35,'quis',5),(36,'at',69),(37,'laudantium',50),(38,'ratione',72),(39,'aspernatur',12),(40,'ipsum',7),(41,'unde',29),(42,'et',96),(43,'labore',9),(44,'ad',83),(45,'mollitia',85),(46,'ut',12),(47,'eius',74),(48,'aut',51),(49,'ratione',59),(50,'blanditiis',75),(51,'accusamus',52),(52,'quisquam',88),(53,'non',77),(54,'iusto',21),(55,'officiis',79),(56,'nobis',97),(57,'odit',68),(58,'qui',71),(59,'quia',95),(60,'delectus',95),(61,'ipsum',22),(62,'omnis',27),(63,'ratione',19),(64,'aspernatur',79),(65,'odio',66),(66,'voluptatem',88),(67,'ut',4),(68,'sunt',26),(69,'ad',99),(70,'voluptas',4),(71,'ut',22),(72,'ut',1),(73,'nostrum',53),(74,'provident',39),(75,'animi',8),(76,'quam',30),(77,'voluptatem',18),(78,'eaque',11),(79,'iste',50),(80,'sed',60),(81,'consequuntur',22),(82,'eveniet',73),(83,'et',75),(84,'architecto',3),(85,'blanditiis',10),(86,'voluptas',45),(87,'et',32),(88,'qui',97),(89,'nesciunt',31),(90,'rem',18),(91,'ab',82),(92,'cupiditate',29),(93,'sint',54),(94,'et',26),(95,'quam',77),(96,'sed',2),(97,'placeat',75),(98,'aut',77),(99,'voluptatem',7),(100,'sequi',62);
/*!40000 ALTER TABLE `photo_albums` ENABLE KEYS */;
UNLOCK TABLES;

--
-- Table structure for table `photos`
--

DROP TABLE IF EXISTS `photos`;
/*!40101 SET @saved_cs_client     = @@character_set_client */;
/*!40101 SET character_set_client = utf8 */;
CREATE TABLE `photos` (
  `id` bigint(20) unsigned NOT NULL AUTO_INCREMENT,
  `album_id` bigint(20) unsigned NOT NULL,
  `media_id` bigint(20) unsigned NOT NULL,
  PRIMARY KEY (`id`),
  KEY `album_id` (`album_id`),
  KEY `media_id` (`media_id`),
  CONSTRAINT `photos_ibfk_1` FOREIGN KEY (`album_id`) REFERENCES `photo_albums` (`id`) ON DELETE CASCADE ON UPDATE CASCADE,
  CONSTRAINT `photos_ibfk_2` FOREIGN KEY (`media_id`) REFERENCES `media` (`id`) ON DELETE CASCADE ON UPDATE CASCADE
) ENGINE=InnoDB AUTO_INCREMENT=301 DEFAULT CHARSET=utf8mb4 COLLATE=utf8mb4_unicode_ci;
/*!40101 SET character_set_client = @saved_cs_client */;

--
-- Dumping data for table `photos`
--

LOCK TABLES `photos` WRITE;
/*!40000 ALTER TABLE `photos` DISABLE KEYS */;
INSERT INTO `photos` VALUES (201,70,76),(202,38,70),(203,100,47),(204,11,90),(205,64,7),(206,99,75),(207,67,33),(208,50,27),(209,100,38),(210,87,10),(211,53,80),(212,64,59),(213,73,41),(214,86,31),(215,86,75),(216,43,11),(217,8,51),(218,100,83),(219,18,48),(220,24,84),(221,55,39),(222,94,28),(223,20,90),(224,13,89),(225,77,24),(226,52,57),(227,58,27),(228,52,61),(229,12,40),(230,83,92),(231,89,83),(232,66,36),(233,39,6),(234,19,74),(235,40,53),(236,20,96),(237,67,69),(238,51,13),(239,75,13),(240,33,22),(241,94,24),(242,15,38),(243,15,84),(244,63,91),(245,93,54),(246,40,44),(247,68,34),(248,85,35),(249,39,21),(250,82,91),(251,57,21),(252,55,59),(253,80,71),(254,21,47),(255,19,100),(256,58,39),(257,91,39),(258,40,11),(259,60,89),(260,61,20),(261,61,10),(262,32,55),(263,25,92),(264,1,23),(265,2,43),(266,53,40),(267,10,10),(268,59,98),(269,52,69),(270,83,62),(271,8,95),(272,9,96),(273,75,99),(274,14,59),(275,45,72),(276,4,88),(277,28,36),(278,39,9),(279,81,89),(280,65,18),(281,33,29),(282,5,59),(283,99,51),(284,20,58),(285,82,94),(286,83,79),(287,85,79),(288,97,31),(289,36,79),(290,68,61),(291,13,62),(292,35,60),(293,13,6),(294,32,58),(295,40,67),(296,18,82),(297,31,41),(298,93,57),(299,67,67),(300,39,92);
/*!40000 ALTER TABLE `photos` ENABLE KEYS */;
UNLOCK TABLES;

--
-- Table structure for table `profiles`
--

DROP TABLE IF EXISTS `profiles`;
/*!40101 SET @saved_cs_client     = @@character_set_client */;
/*!40101 SET character_set_client = utf8 */;
CREATE TABLE `profiles` (
  `user_id` bigint(20) unsigned NOT NULL AUTO_INCREMENT,
  `gender` char(1) COLLATE utf8mb4_unicode_ci DEFAULT NULL,
  `birthday` date DEFAULT NULL,
  `photo_id` bigint(20) unsigned DEFAULT NULL,
  `created_at` datetime DEFAULT current_timestamp(),
  `hometown` varchar(100) COLLATE utf8mb4_unicode_ci DEFAULT NULL,
  PRIMARY KEY (`user_id`),
  KEY `fk_photo_id` (`photo_id`),
  CONSTRAINT `fk_photo_id` FOREIGN KEY (`photo_id`) REFERENCES `photos` (`id`) ON DELETE SET NULL ON UPDATE CASCADE,
  CONSTRAINT `fk_user_id` FOREIGN KEY (`user_id`) REFERENCES `users` (`id`) ON DELETE CASCADE ON UPDATE CASCADE
) ENGINE=InnoDB AUTO_INCREMENT=101 DEFAULT CHARSET=utf8mb4 COLLATE=utf8mb4_unicode_ci;
/*!40101 SET character_set_client = @saved_cs_client */;

--
-- Dumping data for table `profiles`
--

LOCK TABLES `profiles` WRITE;
/*!40000 ALTER TABLE `profiles` DISABLE KEYS */;
INSERT INTO `profiles` VALUES (1,'m','1992-08-30',201,'1974-09-25 14:41:32','Mackburgh'),(2,'f','2002-01-12',202,'1982-09-27 08:34:56','East Jeramyshire'),(3,'m','2012-07-12',203,'1988-08-25 00:36:42','Lubowitzfurt'),(4,'f','2011-08-02',204,'1978-10-09 01:36:12','Daphneport'),(5,'f','1987-06-27',205,'1992-02-14 14:36:31','Jennieville'),(6,'m','1992-07-03',206,'1989-03-13 04:04:17','South Francesca'),(7,'f','1982-05-30',207,'1980-05-06 18:22:28','Oscarside'),(8,'f','1984-03-14',208,'1982-05-06 12:41:56','Rowlandhaven'),(9,'m','2003-06-26',209,'1988-06-12 07:21:36','South Vivastad'),(10,'m','2021-02-13',210,'2018-08-30 00:05:50','Port Immanuelchester'),(11,'f','2010-05-30',211,'2005-07-15 23:21:55','East Lilla'),(12,'m','2016-09-20',212,'2002-11-24 15:50:39','Moenland'),(13,'m','1980-12-04',213,'2021-08-14 19:43:23','North Alexandra'),(14,'m','2009-08-18',214,'1995-01-22 03:41:57','Jaskolskiside'),(15,'m','1980-09-03',215,'1991-09-27 16:47:31','Port Harmony'),(16,'f','1993-01-06',216,'1994-07-16 18:29:01','North Eden'),(17,'m','2003-11-09',217,'2003-04-20 19:33:21','Lake Edison'),(18,'f','2019-08-06',218,'1992-10-14 22:29:13','Denesikland'),(19,'f','1979-09-10',219,'2004-04-08 13:30:12','Piperport'),(20,'f','1999-07-26',220,'1972-01-16 02:45:47','South Audrey'),(21,'m','1982-06-26',221,'1974-04-17 16:16:32','West Harrison'),(22,'m','1999-04-20',222,'1985-05-18 21:14:54','New Kiarra'),(23,'m','2018-10-27',223,'2007-03-29 02:11:00','Vivianeland'),(24,'m','2010-08-18',224,'2002-09-15 18:20:07','Jeannehaven'),(25,'f','1984-05-10',225,'2015-10-20 19:59:48','North Zakaryland'),(26,'f','1986-08-24',226,'1998-09-19 23:15:16','Merrittland'),(27,'f','2015-09-18',227,'2009-11-29 06:11:48','East Alfordfurt'),(28,'m','2000-07-02',228,'2010-09-02 18:35:26','New Madge'),(29,'f','1989-03-13',229,'2009-11-10 10:09:06','Ziemannville'),(30,'m','2011-05-07',230,'1990-01-27 17:54:59','New Marcelo'),(31,'m','2008-01-26',231,'2022-06-02 16:42:52','Emardmouth'),(32,'m','1995-09-23',232,'1987-06-11 13:28:12','Gradyview'),(33,'m','2017-09-20',233,'2019-04-19 16:01:17','Ivychester'),(34,'m','2016-05-09',234,'2002-05-15 22:54:52','Zeldahaven'),(35,'f','2021-11-27',235,'1998-02-03 15:22:37','Bettieside'),(36,'m','1975-11-18',236,'2004-12-31 01:28:26','Handton'),(37,'m','2021-10-25',237,'2019-07-21 13:24:30','Port Lue'),(38,'f','2014-04-20',238,'2001-09-02 06:46:21','Watsicaview'),(39,'f','1991-07-12',239,'1994-03-16 18:47:23','Faeview'),(40,'m','2011-08-21',240,'1970-08-28 14:47:48','Gulgowskibury'),(41,'m','1989-06-14',241,'1993-07-30 23:44:22','Harveychester'),(42,'m','2007-11-19',242,'1981-10-19 10:33:20','East Cassietown'),(43,'m','1981-06-25',243,'1977-04-29 15:17:11','North Orlobury'),(44,'m','2000-10-27',244,'1976-06-13 00:51:44','New Weston'),(45,'f','1973-08-17',245,'2010-03-02 12:48:00','Durganville'),(46,'m','2021-12-04',246,'2018-06-20 12:00:36','Gussiebury'),(47,'m','2005-12-14',247,'2015-03-20 11:25:55','Vonville'),(48,'m','2012-07-02',248,'2020-01-27 20:51:57','Cheyannefort'),(49,'m','2021-11-18',249,'2018-03-20 10:12:25','Anselmouth'),(50,'m','1980-01-29',250,'1979-01-11 18:04:22','Lake Vivienfurt'),(51,'f','1971-06-09',251,'1990-10-16 02:31:44','Allanville'),(52,'m','1997-03-22',252,'1994-09-18 02:58:26','Lake Bryanahaven'),(53,'m','1994-10-12',253,'1997-07-12 12:39:26','Thieltown'),(54,'f','1974-01-21',254,'1982-02-10 03:38:31','Loyburgh'),(55,'m','1999-01-29',255,'2013-12-25 20:12:35','New Hollis'),(56,'f','1973-03-23',256,'1970-06-29 00:52:56','East Weston'),(57,'f','1975-10-08',257,'2011-06-12 05:31:47','Ankundingfurt'),(58,'f','1973-05-11',258,'2007-03-10 03:45:11','South Cooperborough'),(59,'f','2020-10-07',259,'1977-09-30 14:49:25','Fosterchester'),(60,'m','2013-09-30',260,'2017-08-04 10:37:51','Ludwigton'),(61,'m','1996-04-22',261,'1985-07-25 17:08:51','Skilestown'),(62,'m','2006-02-19',262,'2015-08-03 08:18:53','East Tyraton'),(63,'m','2001-11-16',263,'2019-03-11 09:48:05','Kendraborough'),(64,'m','2013-03-20',264,'1973-05-17 14:23:34','North Herminio'),(65,'m','1972-03-07',265,'1983-03-16 20:46:34','North Aisha'),(66,'m','1989-05-27',266,'2003-11-13 04:55:45','Hintzfurt'),(67,'m','1976-01-01',267,'1979-01-06 21:25:42','West Madisen'),(68,'f','1992-04-28',268,'2007-02-02 05:45:54','South Enidville'),(69,'f','2009-11-17',269,'2000-03-18 00:15:09','Mathildemouth'),(70,'m','2019-03-07',270,'2012-12-12 17:44:08','Schmidtport'),(71,'m','2016-07-15',271,'2004-06-25 23:08:33','Evelinefort'),(72,'m','1972-07-30',272,'1997-04-27 06:43:36','Klingmouth'),(73,'f','2016-07-07',273,'1984-09-09 19:45:28','Lake Olgaton'),(74,'m','1995-10-28',274,'2018-06-09 23:53:31','Lake Wavahaven'),(75,'f','2018-06-21',275,'1996-07-30 01:05:53','North Francisca'),(76,'f','1987-12-21',276,'2005-09-07 11:21:07','East Chaseshire'),(77,'f','2011-07-31',277,'1990-06-20 08:28:58','Alexandriafurt'),(78,'f','2001-08-29',278,'1991-02-02 00:28:33','Hyattstad'),(79,'m','1983-12-31',279,'1979-08-22 20:59:54','Port Bridie'),(80,'m','1986-07-30',280,'1979-11-14 15:51:53','Port Earnest'),(81,'m','1996-08-05',281,'1979-03-31 10:54:46','Jerelland'),(82,'f','1984-12-07',282,'2013-12-22 08:24:22','Roycefort'),(83,'m','2001-03-02',283,'2019-10-31 15:14:25','Joeymouth'),(84,'f','1970-05-03',284,'2016-12-06 01:05:24','Port Trisha'),(85,'f','1984-10-23',285,'2004-02-03 17:13:06','Lake Alyce'),(86,'f','1974-06-17',286,'1975-04-16 22:28:59','Genevievechester'),(87,'f','1982-08-25',287,'2003-01-28 21:03:41','North Adell'),(88,'f','2017-06-06',288,'2018-11-01 06:53:22','South Owen'),(89,'m','2000-07-17',289,'2007-01-12 06:44:55','Carleeburgh'),(90,'f','2020-01-24',290,'2003-12-11 21:46:47','Meggieburgh'),(91,'m','1979-06-20',291,'2006-10-13 22:02:30','Luellaton'),(92,'m','1999-11-13',292,'1995-02-22 03:42:56','West Kamrenmouth'),(93,'m','1982-08-09',293,'1983-10-28 14:55:10','South Josefa'),(94,'m','1974-03-08',294,'1977-05-05 08:49:29','Port Johanna'),(95,'f','2013-05-02',295,'1996-11-23 06:46:26','South Sam'),(96,'m','2008-03-28',296,'2020-03-10 23:38:01','Boganburgh'),(97,'f','1980-03-07',297,'2010-02-15 14:06:18','Hayesport'),(98,'f','2000-05-30',298,'1993-05-07 05:15:53','Morarburgh'),(99,'m','1978-10-04',299,'2014-03-14 19:58:35','South Mortimer'),(100,'f','2021-05-13',300,'1994-06-24 10:29:01','Port Morris');
/*!40000 ALTER TABLE `profiles` ENABLE KEYS */;
UNLOCK TABLES;

--
-- Table structure for table `users`
--

DROP TABLE IF EXISTS `users`;
/*!40101 SET @saved_cs_client     = @@character_set_client */;
/*!40101 SET character_set_client = utf8 */;
CREATE TABLE `users` (
  `id` bigint(20) unsigned NOT NULL AUTO_INCREMENT,
  `firstname` varchar(100) COLLATE utf8mb4_unicode_ci DEFAULT NULL,
  `lastname` varchar(100) COLLATE utf8mb4_unicode_ci DEFAULT NULL COMMENT 'Фамилия',
  `email` varchar(100) COLLATE utf8mb4_unicode_ci DEFAULT NULL,
  `password_hash` varchar(100) COLLATE utf8mb4_unicode_ci DEFAULT NULL,
  `phone` bigint(20) DEFAULT NULL,
  `is_deleted` bit(1) DEFAULT b'0',
  PRIMARY KEY (`id`),
  UNIQUE KEY `email` (`email`),
  KEY `users_firstname_lastname_idx` (`firstname`,`lastname`)
) ENGINE=InnoDB AUTO_INCREMENT=101 DEFAULT CHARSET=utf8mb4 COLLATE=utf8mb4_unicode_ci;
/*!40101 SET character_set_client = @saved_cs_client */;

--
-- Dumping data for table `users`
--

LOCK TABLES `users` WRITE;
/*!40000 ALTER TABLE `users` DISABLE KEYS */;
INSERT INTO `users` VALUES (1,'Bernadette','Miller','mallie62@example.org','e26165eaf8e742ed553b1214c9a38a700eb367be',9126556516,'\0'),(2,'Shawn','Rempel','jeanie.o\'kon@example.org','4e23c6c69ad61f1937a7b74999c0c3916c02b1b0',9774908809,'\0'),(3,'Graciela','Gorczany','marge.grimes@example.com','d10e7eb5aab033fb7136383bdeb7a09478402efd',9074424137,''),(4,'Jayce','Hettinger','kayleigh.runolfsdottir@example.com','4136f9291b9a0b0f3ea564f98062d29d9c8a70da',9195539442,''),(5,'Brenna','Windler','shanie01@example.com','98f514f6088d5fdc508ce3df880d3a0f879d35e6',9260827951,''),(6,'Norma','Schiller','padberg.jordi@example.com','1b799f3c81e921a84f59cf8f96616319cab0d4ce',9936351504,'\0'),(7,'Keven','Reynolds','chanelle05@example.net','b98768b9185ca2b9f13dd14d9db3465e6d533d92',9187797392,'\0'),(8,'Kayden','Sporer','awunsch@example.com','df1f94f0ccaea3026e43d2ed646d4adec1804cd0',9812255141,''),(9,'Wyman','Sauer','ludie.turner@example.org','1ba1c9c01e85240c3b340baf41c818c8f3e13476',9801970336,'\0'),(10,'Baron','Parker','haylie19@example.com','6f71a3b442ab23fda97281b1fa9a2164dcea20bd',9929646861,'\0'),(11,'Peyton','Monahan','fay.reilly@example.net','8d9090c06029c5a6c331a6280450ddc2e606bc8b',9001028891,''),(12,'Dolores','Leannon','xortiz@example.net','2ebfb5aa1a9870a33cfb78d5437b83d1eb75d427',9958895576,''),(13,'Bulah','Gusikowski','sberge@example.org','b4dd358d76b4a5a3aac9c71a2696b84221a2a02e',9209762303,'\0'),(14,'Kristy','Vandervort','virgie.jast@example.com','13e020ee9012799fd809ec4ca88511b401acf84d',9981573519,''),(15,'Jackie','Bogan','dickinson.edd@example.com','2a49dfe5e5982e51213431d11ceae70060f6c5f3',9690388512,''),(16,'Johnnie','Hermiston','kristy.feil@example.com','c3a9ce3e1e6c20e892c37d569f7a16e1ff597128',9737951817,'\0'),(17,'Hillard','Nitzsche','miller.amir@example.com','0b185ca3cc276a39ffed40debd38c9dc046a9d88',9067331660,'\0'),(18,'Collin','Ritchie','cayla.medhurst@example.com','eb85417fb01ecc044f7ab87086ce79bb81226989',9720887424,'\0'),(19,'Richard','Luettgen','jovani65@example.org','6633b47d411d4ca4e220c3095a5fc3ab46e514f4',9122778477,''),(20,'Jerry','Rohan','atoy@example.com','e6bc22c018ac358a96d76bc2cb6875f51bf21d27',9256034434,''),(21,'Oscar','Littel','antonietta.mayer@example.com','c16ed82f350dd3878176765a2993dc16ad4fe678',9031525657,''),(22,'Cecilia','Rosenbaum','gabriel.johns@example.net','d5727ceb91259eb2e58a1bfb530c0959bd728529',9526096834,'\0'),(23,'Casandra','Johns','quitzon.rupert@example.com','f788d7768cb06502b6c4d189ec0d5a5c05a575be',9510587817,''),(24,'Emile','Zieme','ykoepp@example.com','fd6bb5d1071c3aab890f747b30b6f254b9d30496',9147876996,''),(25,'Alyce','Heller','qluettgen@example.net','306ff8c6be40026d0d74989a271ea5b4fa60bdd6',9813503439,''),(26,'Ned','Walsh','ppacocha@example.net','2c2c6daa092e368e6aabffc5e8e8a8c132681cd8',9315421410,'\0'),(27,'Guy','Legros','bfranecki@example.org','b83137947e2a107bb8a24f0dea518c2a05c2ab93',9618672812,''),(28,'Ernestine','Hand','rhowe@example.org','e57a6850ceaa1d908e6b0c84cb0d7b320cb62e33',9892362047,''),(29,'Alena','Altenwerth','vo\'keefe@example.org','7fd8c3ea7326d78d0500d442fabe2029930465f0',9836758725,''),(30,'Janae','Reinger','goldner.eric@example.com','49da24298e1e532b322cf4b857dafac1cae3715f',9420034433,''),(31,'Ardith','Shields','bryana.howell@example.net','8c3486af9727925617c7517373134e158cd62016',9565342300,'\0'),(32,'Coty','Brown','jessica.kshlerin@example.com','8a650efd379f4db3f281944660493487511512e0',9849863246,''),(33,'Elise','Corkery','waters.michaela@example.org','6a889dfbd9411130f1ec3df7e0617225b178c818',9280586609,'\0'),(34,'Nikki','Herman','kenyon30@example.com','7ffadd46e50874ed86852c537789dbd32454f334',9262247865,'\0'),(35,'Earnest','Zulauf','rhianna43@example.net','3633b6f15b32886a81d8f19487a8c49c42496f59',9666250669,'\0'),(36,'Gracie','Conn','yundt.shayna@example.com','6f483a50ed5e952991cff4273150b4a35e26bb3f',9362968961,'\0'),(37,'Agnes','Gorczany','karli.stehr@example.com','7c760d7ad21f02b855012258261c1a981cc312ac',9432813292,''),(38,'Hudson','Rodriguez','qcole@example.com','cf5d103e88925b1febde4ebae5c8596db4b4c320',9358182622,''),(39,'Jazlyn','White','carter.joaquin@example.com','3b13a608af36d651237663b5f25a65901695f597',9977246652,''),(40,'Franco','Hoppe','jonathon.kuhic@example.net','3a08bd1139ce7cf3b4dc35a01efb25085de3bb86',9755109498,'\0'),(41,'Joshua','Barrows','ervin.mclaughlin@example.com','a105c4576c115a30a7786210e797676481661968',9730681545,''),(42,'Gerald','Bartell','lilian19@example.org','91b883840a2ab0b2b75c7f3c5900f1517cde24b9',9684585701,'\0'),(43,'Taryn','Haag','erik17@example.org','6b6e6722836109a84c1adfc0ff13e51b65c13f17',9957469861,''),(44,'Dominic','D\'Amore','stehr.shyann@example.net','e33465b6962ae4fdb52c3e364e97919bbf3bea28',9446442735,''),(45,'Michael','Carroll','qkoch@example.org','da4cb1013e9c83cdd857aedd8ea11c503af7826c',9553127429,'\0'),(46,'Karen','Bednar','gust.waters@example.net','903b0b5ea3f70e11b28b53c11886ff3849bb854e',9361794059,'\0'),(47,'Ashleigh','Eichmann','lindsay18@example.org','2c4e48fdf92646dc7ab93ac7b14151dab077600d',9614538954,''),(48,'Juston','Dare','leonora80@example.org','a91fe7cd29e7b32ac27b9fd3ab075c67b3d9c33b',9463633090,''),(49,'Amalia','Ritchie','vmonahan@example.com','8b0275ff320c1c8e3665d2e49b721da25a99e5bb',9648421554,''),(50,'Carolyne','Dibbert','marquardt.taurean@example.com','1dc12cf2548e3efd474d04cd83463c1675382173',9119866799,'\0'),(51,'Kiarra','Murphy','dayna.ward@example.net','52ee42d3cff6fa87e08abffcd6df17db8cd3e878',9094606283,'\0'),(52,'Delores','Veum','moriah54@example.org','5031c74339cd30bfd0bed0b3796d091c0e6782ef',9346331626,'\0'),(53,'Keyon','Little','alfonso33@example.org','d8fefeeb8a2febf9110634971cf01ffc593cb28a',9984502448,'\0'),(54,'Osborne','McClure','gmurazik@example.com','3e2dc830ebb3cbc86e6452b8211cace44265edea',9157221288,''),(55,'Bryon','Hirthe','qkohler@example.net','8c505a0314ba1cf3cee67be07974ed504a7d043d',9569175129,''),(56,'Ahmad','Corwin','janae.beatty@example.net','77db19f436eb4221cbce36e84b82634854c7231b',9004105587,'\0'),(57,'Kiera','Sanford','ybashirian@example.net','730c783c3cd348cee5b842a94cdd0494e5cee5e0',9850482124,''),(58,'Nyasia','Mohr','carrie.beahan@example.org','2e389c5eeaffcddd6f18e4164623fa6523e483ca',9076246178,''),(59,'Greyson','Schmitt','pkulas@example.net','140eed009a8a22d4ceaff06418c4a3fafcc9c1e9',9240885605,'\0'),(60,'Ike','Daniel','marcelle56@example.net','906994398a9af0db5d2826949f24d945c2ae51e8',9181282808,'\0'),(61,'Precious','Gerhold','lueilwitz.gennaro@example.org','05b33b72c06d8bedd238e500216f2a65b6453d82',9476521974,''),(62,'Priscilla','Kihn','lueilwitz.gwendolyn@example.net','46cea1722f2579b0acb0691b8b05f3ba8e51507a',9326287492,''),(63,'Alexis','Langosh','jacobson.eula@example.net','e671c7c9c0b53cc6cc2b823a3ce6f69fe8944d86',9693029438,''),(64,'Ezequiel','Cassin','dulce.nitzsche@example.com','9c868016d3c110b32bde8f3b083e68084754b090',9368322677,''),(65,'Grady','Wunsch','wpurdy@example.com','a3e73aa628c053cc4bfb90db67f191f094fc389e',9964830691,''),(66,'Shaylee','Schoen','leola18@example.com','7712265af03cfff378d5788a0973689395a14286',9982669547,'\0'),(67,'Maurice','Cartwright','frederique.gorczany@example.com','8943cf1d5ac41b33715f77e7f96e48b80bffafea',9626927870,'\0'),(68,'Allison','Hahn','barrett.cummerata@example.org','408c2a19d7c75b56764a45a1e51e836ea951b631',9137890452,'\0'),(69,'Kaylin','Orn','hailie.daniel@example.org','5dffae4a5dd2c3bdeef6ec604f1a1a750b4f42d7',9592598991,''),(70,'Minnie','Russel','ericka74@example.org','aec10e69557529476359ab7f0056bfa530400802',9522461164,'\0'),(71,'Abigayle','Sipes','vella.kub@example.com','c1d6b8a758b1437151e5dab157bd46fb5b222c37',9028988612,''),(72,'Edmund','Stiedemann','isom15@example.net','3ae3ce41a41d402e12334e05ef5e3113a11f7879',9602303974,''),(73,'Vella','Gulgowski','jakubowski.glenna@example.net','6fee2e2c030edce43d87c4fc128cd7b393373b03',9272878405,''),(74,'Arch','Kuhic','ejohnston@example.com','97dcb36ac14a246279108925326574d3eb202f98',9835603670,'\0'),(75,'Rosalee','Emard','ibradtke@example.net','75dd53cddadc8b4d9a57b70984ac317b9c1ae0fb',9314324377,'\0'),(76,'Dario','Hahn','evie.harris@example.net','e642c403e283f3a4c043a02d9954edf77ba070f9',9407481237,''),(77,'Mallory','Wolf','drau@example.net','267b067aaecd8c293427b71f0e98419cd04f16a2',9898304553,'\0'),(78,'Aurelio','Stracke','pattie11@example.org','02d5ac74e25707aaf352fd620c21eca675a5713f',9386293806,'\0'),(79,'Trenton','Witting','jessica46@example.com','9300b29efb00b4e1ae0a7cdc2f1ab6ee6f6ae76e',9394504207,''),(80,'Chesley','Grady','eve05@example.com','8ccff782e78ca6a5b52b6bce4886ed1c4a1711cf',9962975383,''),(81,'Ali','Glover','michaela35@example.com','b556777a4c609c52c1eff99934876cb9273129fb',9408874694,''),(82,'Jena','Crona','fratke@example.net','b4889cffc7a4553fd28870fc00aa5cde1a7a569c',9475708823,'\0'),(83,'Luther','Reynolds','zboncak.darryl@example.org','c660035bb3b763eff1a1820daeccda589293c19d',9414139582,''),(84,'Nels','Volkman','lo\'kon@example.org','9a8617b5188aafc1545ccf74f48e6f204bb909ba',9865967551,'\0'),(85,'Ephraim','Abernathy','shields.eldred@example.net','ae77d2e2c81ebc8cd2b041b068d665b1a660185f',9869237346,'\0'),(86,'Manley','Ward','tatum.cummerata@example.net','0e73d4edfb2cc57a2f7788b4277f501fa604a50c',9696054560,'\0'),(87,'Kay','Wilderman','brigitte.lynch@example.org','529c2c9e4d4dcc2dbc0ade78d1990ef9be14d988',9347870481,''),(88,'Francis','Hegmann','sally.christiansen@example.net','8a126619d7b727c8376a2547605c98f50325f318',9335067987,''),(89,'Trinity','Wilkinson','ondricka.glennie@example.com','375b14a5d9fde8e35ae6e584b4ae7809540b3ec2',9763831561,''),(90,'Jacklyn','Graham','gkeebler@example.net','cdc3436e632582901452233c39edc8bdf597fe6a',9807715064,''),(91,'Brett','Windler','rbernier@example.com','0f33af60327b3b42cc4e92a10b9bbc1ac958e7b5',9207485618,''),(92,'Sally','Lesch','emmie99@example.com','01c76865c0de6fcb650cb906d260ab4ae346348a',9468935000,'\0'),(93,'Anissa','Larson','vtoy@example.com','fb1eca980a3c46bd20c052106805c2b41f2ae889',9507134062,'\0'),(94,'Cordia','Gutkowski','ferry.jayde@example.net','7d45ab4f64378356b2baa036f7f33f1802468648',9864008954,''),(95,'Selmer','Tremblay','gregg.bergnaum@example.net','0684cce5da683fcd01de309bca95440e629ad6ef',9049018785,''),(96,'Merle','Champlin','amber52@example.org','6ee80f6d7db42bdc997fc92b20972ac004e101dc',9363235250,'\0'),(97,'Arne','Corkery','tillman.deborah@example.com','00aa559f7d93f9d4766ae16a74503ba43603b6ce',9356643518,'\0'),(98,'Tristin','Stoltenberg','ehartmann@example.com','6bac806b002faad75a17afec792b5cffc24ef206',9642376518,'\0'),(99,'Clotilde','Will','emile08@example.net','f669996162a7d9111bfbdc8dc54a6c91beb34347',9854461127,''),(100,'Tomasa','Runte','dickinson.giuseppe@example.org','64e63801947f72056acc8ffc5eb651d256d11f0e',9003759086,'');
/*!40000 ALTER TABLE `users` ENABLE KEYS */;
UNLOCK TABLES;

--
-- Table structure for table `users_communities`
--

DROP TABLE IF EXISTS `users_communities`;
/*!40101 SET @saved_cs_client     = @@character_set_client */;
/*!40101 SET character_set_client = utf8 */;
CREATE TABLE `users_communities` (
  `user_id` bigint(20) unsigned NOT NULL,
  `community_id` bigint(20) unsigned NOT NULL,
  PRIMARY KEY (`user_id`,`community_id`),
  KEY `community_id` (`community_id`),
  CONSTRAINT `users_communities_ibfk_1` FOREIGN KEY (`user_id`) REFERENCES `users` (`id`) ON DELETE CASCADE ON UPDATE CASCADE,
  CONSTRAINT `users_communities_ibfk_2` FOREIGN KEY (`community_id`) REFERENCES `communities` (`id`) ON DELETE CASCADE ON UPDATE CASCADE
) ENGINE=InnoDB DEFAULT CHARSET=utf8mb4 COLLATE=utf8mb4_unicode_ci;
/*!40101 SET character_set_client = @saved_cs_client */;

--
-- Dumping data for table `users_communities`
--

LOCK TABLES `users_communities` WRITE;
/*!40000 ALTER TABLE `users_communities` DISABLE KEYS */;
INSERT INTO `users_communities` VALUES (1,1),(2,2),(3,3),(4,4),(5,5),(6,6),(7,7),(8,8),(9,9),(10,10),(11,11),(12,12),(13,13),(14,14),(15,15),(16,16),(17,17),(18,18),(19,19),(20,20),(21,21),(22,22),(23,23),(24,24),(25,25),(26,26),(27,27),(28,28),(29,29),(30,30),(31,31),(32,32),(33,33),(34,34),(35,35),(36,36),(37,37),(38,38),(39,39),(40,40),(41,41),(42,42),(43,43),(44,44),(45,45),(46,46),(47,47),(48,48),(49,49),(50,50),(51,51),(52,52),(53,53),(54,54),(55,55),(56,56),(57,57),(58,58),(59,59),(60,60),(61,61),(62,62),(63,63),(64,64),(65,65),(66,66),(67,67),(68,68),(69,69),(70,70),(71,71),(72,72),(73,73),(74,74),(75,75),(76,76),(77,77),(78,78),(79,79),(80,80),(81,81),(82,82),(83,83),(84,84),(85,85),(86,86),(87,87),(88,88),(89,89),(90,90),(91,91),(92,92),(93,93),(94,94),(95,95),(96,96),(97,97),(98,98),(99,99),(100,100);
/*!40000 ALTER TABLE `users_communities` ENABLE KEYS */;
UNLOCK TABLES;

--
-- Table structure for table `video_collections`
--

DROP TABLE IF EXISTS `video_collections`;
/*!40101 SET @saved_cs_client     = @@character_set_client */;
/*!40101 SET character_set_client = utf8 */;
CREATE TABLE `video_collections` (
  `id` bigint(20) unsigned NOT NULL AUTO_INCREMENT,
  `name` varchar(255) COLLATE utf8mb4_unicode_ci DEFAULT NULL,
  `user_id` bigint(20) unsigned DEFAULT NULL,
  PRIMARY KEY (`id`),
  UNIQUE KEY `id` (`id`),
  KEY `user_id` (`user_id`),
  CONSTRAINT `video_collections_ibfk_1` FOREIGN KEY (`user_id`) REFERENCES `users` (`id`) ON DELETE SET NULL ON UPDATE CASCADE
) ENGINE=InnoDB AUTO_INCREMENT=101 DEFAULT CHARSET=utf8mb4 COLLATE=utf8mb4_unicode_ci;
/*!40101 SET character_set_client = @saved_cs_client */;

--
-- Dumping data for table `video_collections`
--

LOCK TABLES `video_collections` WRITE;
/*!40000 ALTER TABLE `video_collections` DISABLE KEYS */;
INSERT INTO `video_collections` VALUES (1,'aliquam',1),(2,'impedit',2),(3,'quam',3),(4,'incidunt',4),(5,'ea',5),(6,'reiciendis',6),(7,'quibusdam',7),(8,'at',8),(9,'facere',9),(10,'sint',10),(11,'tempore',11),(12,'quod',12),(13,'perferendis',13),(14,'aperiam',14),(15,'et',15),(16,'possimus',16),(17,'aut',17),(18,'optio',18),(19,'incidunt',19),(20,'ex',20),(21,'iusto',21),(22,'maxime',22),(23,'sint',23),(24,'vero',24),(25,'asperiores',25),(26,'saepe',26),(27,'dolore',27),(28,'voluptatem',28),(29,'dolorem',29),(30,'unde',30),(31,'nemo',31),(32,'similique',32),(33,'quidem',33),(34,'ipsam',34),(35,'accusantium',35),(36,'consectetur',36),(37,'distinctio',37),(38,'consequatur',38),(39,'veniam',39),(40,'rerum',40),(41,'aut',41),(42,'omnis',42),(43,'iure',43),(44,'perferendis',44),(45,'incidunt',45),(46,'modi',46),(47,'corporis',47),(48,'temporibus',48),(49,'qui',49),(50,'laboriosam',50),(51,'ratione',51),(52,'voluptatem',52),(53,'est',53),(54,'illum',54),(55,'aspernatur',55),(56,'sed',56),(57,'alias',57),(58,'odit',58),(59,'ut',59),(60,'omnis',60),(61,'et',61),(62,'at',62),(63,'dolores',63),(64,'nam',64),(65,'et',65),(66,'deleniti',66),(67,'et',67),(68,'enim',68),(69,'fuga',69),(70,'ratione',70),(71,'sint',71),(72,'vitae',72),(73,'corporis',73),(74,'et',74),(75,'dolor',75),(76,'neque',76),(77,'excepturi',77),(78,'voluptas',78),(79,'quasi',79),(80,'cum',80),(81,'rem',81),(82,'reprehenderit',82),(83,'ab',83),(84,'dignissimos',84),(85,'similique',85),(86,'numquam',86),(87,'est',87),(88,'et',88),(89,'fugit',89),(90,'id',90),(91,'ipsum',91),(92,'voluptatem',92),(93,'id',93),(94,'odit',94),(95,'sed',95),(96,'illo',96),(97,'iusto',97),(98,'accusantium',98),(99,'ut',99),(100,'consequatur',100);
/*!40000 ALTER TABLE `video_collections` ENABLE KEYS */;
UNLOCK TABLES;

--
-- Table structure for table `videos`
--

DROP TABLE IF EXISTS `videos`;
/*!40101 SET @saved_cs_client     = @@character_set_client */;
/*!40101 SET character_set_client = utf8 */;
CREATE TABLE `videos` (
  `id` bigint(20) unsigned NOT NULL AUTO_INCREMENT,
  `video_collection_id` bigint(20) unsigned NOT NULL,
  `media_id` bigint(20) unsigned NOT NULL,
  PRIMARY KEY (`id`),
  KEY `video_collection_id` (`video_collection_id`),
  KEY `media_id` (`media_id`),
  CONSTRAINT `videos_ibfk_1` FOREIGN KEY (`video_collection_id`) REFERENCES `video_collections` (`id`) ON DELETE CASCADE ON UPDATE CASCADE,
  CONSTRAINT `videos_ibfk_2` FOREIGN KEY (`media_id`) REFERENCES `media` (`id`) ON DELETE CASCADE ON UPDATE CASCADE
) ENGINE=InnoDB AUTO_INCREMENT=101 DEFAULT CHARSET=utf8mb4 COLLATE=utf8mb4_unicode_ci;
/*!40101 SET character_set_client = @saved_cs_client */;

--
-- Dumping data for table `videos`
--

LOCK TABLES `videos` WRITE;
/*!40000 ALTER TABLE `videos` DISABLE KEYS */;
INSERT INTO `videos` VALUES (1,1,1),(2,2,2),(3,3,3),(4,4,4),(5,5,5),(6,6,6),(7,7,7),(8,8,8),(9,9,9),(10,10,10),(11,11,11),(12,12,12),(13,13,13),(14,14,14),(15,15,15),(16,16,16),(17,17,17),(18,18,18),(19,19,19),(20,20,20),(21,21,21),(22,22,22),(23,23,23),(24,24,24),(25,25,25),(26,26,26),(27,27,27),(28,28,28),(29,29,29),(30,30,30),(31,31,31),(32,32,32),(33,33,33),(34,34,34),(35,35,35),(36,36,36),(37,37,37),(38,38,38),(39,39,39),(40,40,40),(41,41,41),(42,42,42),(43,43,43),(44,44,44),(45,45,45),(46,46,46),(47,47,47),(48,48,48),(49,49,49),(50,50,50),(51,51,51),(52,52,52),(53,53,53),(54,54,54),(55,55,55),(56,56,56),(57,57,57),(58,58,58),(59,59,59),(60,60,60),(61,61,61),(62,62,62),(63,63,63),(64,64,64),(65,65,65),(66,66,66),(67,67,67),(68,68,68),(69,69,69),(70,70,70),(71,71,71),(72,72,72),(73,73,73),(74,74,74),(75,75,75),(76,76,76),(77,77,77),(78,78,78),(79,79,79),(80,80,80),(81,81,81),(82,82,82),(83,83,83),(84,84,84),(85,85,85),(86,86,86),(87,87,87),(88,88,88),(89,89,89),(90,90,90),(91,91,91),(92,92,92),(93,93,93),(94,94,94),(95,95,95),(96,96,96),(97,97,97),(98,98,98),(99,99,99),(100,100,100);
/*!40000 ALTER TABLE `videos` ENABLE KEYS */;
UNLOCK TABLES;
/*!40103 SET TIME_ZONE=@OLD_TIME_ZONE */;

/*!40101 SET SQL_MODE=@OLD_SQL_MODE */;
/*!40014 SET FOREIGN_KEY_CHECKS=@OLD_FOREIGN_KEY_CHECKS */;
/*!40014 SET UNIQUE_CHECKS=@OLD_UNIQUE_CHECKS */;
/*!40101 SET CHARACTER_SET_CLIENT=@OLD_CHARACTER_SET_CLIENT */;
/*!40101 SET CHARACTER_SET_RESULTS=@OLD_CHARACTER_SET_RESULTS */;
/*!40101 SET COLLATION_CONNECTION=@OLD_COLLATION_CONNECTION */;
/*!40111 SET SQL_NOTES=@OLD_SQL_NOTES */;

-- Dump completed on 2022-06-04  5:26:28


/* Задание 2
Написать скрипт, возвращающий список имен (только firstname) пользователей без повторений в алфавитном порядке.
*/

SELECT DISTINCT  firstname FROM users ORDER BY firstname ASC;

/* Задание 3
Первые пять пользователей пометить как удаленные.
*/

UPDATE users
SET
	is_deleted=1
LIMIT 5;



/*Задание 4 
 * Написать скрипт, удаляющий сообщения «из будущего» (дата больше сегодняшней).
 */

INSERT INTO messages VALUES (101,1,2,'nnn','2080-04-27 06:02:22'); -- для этого вставил сообщение датой, больше текущей

DELETE FROM messages 
WHERE created_at>CURDATE();

/* Задание 5
Написать название темы курсового проекта.
Тема: Online университет

*/








