DROP DATABASE IF EXISTS university;
CREATE DATABASE university;
USE university;


 DROP TABLE IF EXISTS faculties;
CREATE TABLE faculties(
	id SERIAL PRIMARY KEY,
	name VARCHAR(255) NOT NULL,
	abbreviation VARCHAR(255) NOT NULL,
	dean_id BIGINT UNSIGNED COMMENT 'Декан'
);

INSERT INTO faculties (name, abbreviation)
 VALUES ('Institute of Geology and Petroleum Technologies', 'IGPT'),
('Institute of Fundamental Medicine and Biology', 'IFMB'),
('Institute of Environmental Sciences', 'IES'),
('Alexander Butlerov Institute of Chemistry', 'IC'),
('Higher School of Information Technologies and Information Systems', 'HSITTS'),
('Institute of Engineering', 'IE'),
('Institute of Computational Mathematics and Information Technologies', 'ICMIT'),
('I. Lobachevsky Institute of Mathematics and Mechanics', 'IMM'),
('Institute of Physics', 'IP'),
('Faculty of Law', 'FL'),
('Institute of International Relations, History and Oriental Studies', 'IIRHO');


DROP TABLE IF EXISTS students;
CREATE TABLE students (
  id SERIAL PRIMARY KEY,
  firstname varchar(50) NOT NULL,
  lastname varchar(50) NOT NULL,
  faculties_id BIGINT UNSIGNED NOT NULL,
  email VARCHAR(200) UNIQUE NOT NULL,
  phone BIGINT UNSIGNED UNIQUE NOT NULL,
  applied_at DATETIME DEFAULT CURRENT_TIMESTAMP,
  graduated_at DATETIME DEFAULT CURRENT_TIMESTAMP,
  is_deleted bit default 0,
  INDEX index_user_name(firstname,lastname),
  FOREIGN KEY (faculties_id) REFERENCES faculties(id) ON UPDATE CASCADE ON DELETE CASCADE
);


INSERT INTO `students` (`id`, `firstname`, `lastname`, `faculties_id`, `email`, `phone`, `applied_at`, `graduated_at`, `is_deleted`) 
VALUES (1, 'Kamille', 'Rempel', 1, 'tyree.emmerich@example.org', '9868869824', '1992-07-03 13:46:06', '1988-09-11 05:24:27', 0),
('2', 'Queenie', 'Pagac', '10', 'eklocko@example.org', '9842581628', '2001-11-23 13:26:23', '2001-07-13 16:32:42', 1),
('3', 'Christ', 'Powlowski', '10', 'erik.wilderman@example.com', '9071591998', '2005-10-13 06:17:50', '2008-09-12 21:59:53', 1),
('4', 'Eli', 'Botsford', '3', 'znader@example.net', '9889801062', '1990-12-19 10:02:11', '2013-12-04 12:06:15', 1),
('5', 'Audie', 'Hyatt', '5', 'ihaag@example.com', '9911780654', '2004-10-10 02:57:46', '2009-07-08 13:57:10', 0),
('6', 'Hildegard', 'Huels', '9', 'kacey.weber@example.com', '9668982418', '1989-09-26 03:52:56', '1998-11-09 04:04:38', 1),
('7', 'Katrine', 'Blick', '7', 'adrienne46@example.net', '9078482664', '1999-06-10 14:53:29', '1985-06-08 02:28:52', 0),
('8', 'Penelope', 'King', '2', 'kobe.blick@example.org', '9103570702', '1983-10-24 11:11:08', '2014-11-03 23:03:29', 1),
('9', 'Nicholas', 'Bins', '11', 'cassandre.doyle@example.org', '9053631533', '2021-04-26 18:22:37', '1993-01-22 17:28:32', 0),
('10', 'Paul', 'Nienow', '8', 'malvina.hilll@example.com', '9880879617', '2009-10-05 15:13:32', '2002-02-21 22:14:46', 1),
('11', 'Taryn', 'Hammes', '11', 'shirley.becker@example.org', '9916657354', '1985-02-18 08:30:32', '1984-07-04 05:20:30', 0),
('12', 'Shaun', 'Ruecker', '5', 'courtney29@example.org', '9660943325', '1994-03-21 13:50:49', '1995-02-12 23:12:06', 0),
('13', 'Kelsi', 'Johns', '3', 'kathleen.aufderhar@example.com', '9348897177', '2022-03-25 02:13:26', '1981-04-13 00:58:08', 1),
('14', 'Elwin', 'Heathcote', '9', 'merlin61@example.com', '9454622256', '1973-04-01 21:34:03', '1989-07-01 17:46:08', 1),
('15', 'Kacie', 'Brekke', '4', 'peter.rippin@example.com', '9225640323', '2015-12-28 02:26:07', '2016-02-18 19:12:00', 0),
('16', 'Khalil', 'Batz', '4', 'veum.haley@example.org', '9013935454', '1983-02-08 00:55:36', '1986-01-21 18:45:32', 1),
('17', 'Furman', 'Miller', '2', 'leola85@example.com', '9020252584', '1997-09-16 01:13:14', '1992-08-21 03:21:02', 0),
('18', 'Giuseppe', 'Turner', '11', 'hirthe.joy@example.org', '9281741455', '2011-09-01 19:10:10', '1978-07-13 12:59:58', 1),
('19', 'Hortense', 'Balistreri', '5', 'rowena22@example.org', '9921765744', '2011-10-02 20:23:44', '1980-12-22 21:46:10', 0),
('20', 'Izaiah', 'Shields', '3', 'lbahringer@example.net', '9142723662', '1972-10-30 09:34:39', '1987-08-09 04:58:22', 0),
('21', 'Kirsten', 'Fisher', '8', 'kobe95@example.com', '9491580505', '1981-11-26 17:46:58', '1986-02-21 03:50:08', 1),
('22', 'Selena', 'Wiza', '4', 'immanuel27@example.org', '9299632344', '2009-09-07 18:05:51', '2011-07-13 22:12:52', 0),
('23', 'Krista', 'Cummings', '4', 'bailey.shanie@example.com', '9447117726', '1981-11-23 08:56:15', '1996-03-22 22:04:28', 1),
('24', 'Liana', 'Weber', '2', 'gleason.deja@example.com', '9584331407', '1997-09-27 15:06:07', '1996-02-26 03:28:17', 0),
('25', 'Lue', 'Nader', '3', 'cortney.dach@example.net', '9887751740', '1980-03-20 08:15:24', '1997-11-21 00:24:28', 1),
('26', 'Elvie', 'Schoen', 1, 'ssteuber@example.net', '9430191722', '1981-12-18 13:28:53', '2011-04-16 07:53:38', 1),
('27', 'Krystel', 'Kshlerin', '3', 'boyer.leonard@example.com', '9678096865', '1992-07-30 15:38:34', '2006-03-28 09:26:48', 1),
('28', 'Darrion', 'Fahey', '2', 'aquigley@example.com', '9401176219', '2001-06-30 18:20:55', '1997-01-02 23:10:47', 1),
('29', 'Markus', 'Hane', '6', 'ygorczany@example.com', '9650994916', '2018-01-29 20:44:02', '1985-09-13 19:39:29', 0),
('30', 'Wilfred', 'Nikolaus', '5', 'larry52@example.com', '9684633785', '1976-10-16 15:51:11', '1995-03-03 01:57:51', 0),
('31', 'Shaniya', 'Reichel', 1, 'quentin08@example.org', '9858298142', '2016-06-10 09:39:33', '1977-01-11 08:33:24', 1),
('32', 'Verda', 'Dietrich', '6', 'bstoltenberg@example.org', '9430392051', '1994-12-24 01:20:51', '1988-03-03 08:24:26', 1),
('33', 'Arvel', 'Collier', '3', 'romaguera.kirsten@example.org', '9083678754', '2016-05-24 22:36:37', '2000-01-20 17:25:31', 0),
('34', 'Reid', 'Marks', '11', 'joelle91@example.com', '9862700465', '1975-08-13 00:03:05', '1986-01-26 12:05:43', 0),
('35', 'Vivianne', 'Ullrich', '9', 'lynch.mercedes@example.net', '9803980034', '2013-04-15 12:07:02', '1995-03-12 14:39:12', 0),
('36', 'Alexis', 'Muller', '8', 'guillermo.heaney@example.com', '9338559509', '1999-04-03 01:25:06', '1997-03-20 11:23:23', 1),
('37', 'Ramiro', 'Hickle', '9', 'dulce65@example.com', '9312683658', '1987-02-26 12:27:33', '1973-02-10 23:15:18', 1),
('38', 'Leopoldo', 'Zemlak', '5', 'lehner.jensen@example.net', '9778707466', '1971-05-12 03:47:42', '1985-06-07 12:58:19', 0),
('39', 'Beau', 'Bashirian', '9', 'madilyn.doyle@example.com', '9771569707', '1997-02-19 05:18:52', '1994-10-18 08:50:33', 0),
('40', 'Lorenza', 'Steuber', '8', 'irwin86@example.net', '9742675666', '2022-02-21 14:04:01', '2021-08-03 00:10:42', 0),
('41', 'Sean', 'Beatty', 1, 'lwilkinson@example.org', '9947091899', '1972-04-12 04:53:20', '2013-09-24 01:05:42', 1),
('42', 'Paul', 'Metz', '9', 'reichel.verlie@example.net', '9007411161', '2020-12-05 08:47:45', '1972-05-06 20:16:16', 0),
('43', 'Alba', 'Boyle', '2', 'xgorczany@example.net', '9134179329', '1970-07-22 18:11:24', '2002-11-17 12:43:09', 1),
('44', 'Raul', 'Bogisich', '4', 'heaney.eulah@example.com', '9257497756', '1972-11-14 19:01:29', '2009-07-22 14:56:44', 0),
('45', 'Effie', 'Kunde', '7', 'heber83@example.org', '9596023883', '1999-04-14 02:42:41', '1972-10-06 12:27:49', 0),
('46', 'Brooks', 'Schmitt', '6', 'cankunding@example.com', '9717234423', '1981-01-01 00:18:39', '1993-06-10 09:29:20', 1),
('47', 'Consuelo', 'Robel', '8', 'wpacocha@example.org', '9490725260', '1991-11-18 10:58:38', '2021-05-27 06:26:03', 1),
('48', 'Ivory', 'Hyatt', '8', 'daisy.keebler@example.net', '9427774383', '1973-10-06 20:17:26', '1970-08-17 13:31:16', 1),
('49', 'Carson', 'Kreiger', '5', 'wjacobson@example.net', '9426504086', '2004-10-13 10:29:45', '2003-12-18 13:54:35', 1),
('50', 'Kale', 'Powlowski', 1, 'maggio.germaine@example.net', '9705798386', '1985-02-09 05:18:56', '1985-08-20 10:14:43', 1),
('51', 'Katharina', 'Kautzer', '11', 'ajaskolski@example.com', '9081783052', '1977-08-27 17:04:33', '2009-12-16 00:46:27', 1),
('52', 'Viola', 'Boyer', '2', 'walsh.brice@example.net', '9014916593', '2004-09-20 21:20:26', '1972-03-18 13:18:32', 0),
('53', 'Daija', 'Wilkinson', '4', 'rolfson.karine@example.net', '9915443118', '1971-10-10 22:04:21', '1988-04-26 12:46:18', 0),
('54', 'Brannon', 'Kozey', '4', 'carolina.grimes@example.net', '9554756051', '2012-03-21 03:26:30', '1999-07-14 02:21:23', 0),
('55', 'Braxton', 'Klocko', '4', 'medhurst.alia@example.net', '9164393172', '2005-10-25 11:45:48', '2007-09-26 02:05:46', 1),
('56', 'Lexi', 'Grimes', '6', 'hlang@example.com', '9765123159', '2022-04-02 06:54:24', '2021-06-23 15:26:50', 1),
('57', 'Jammie', 'Watsica', '4', 'don.heathcote@example.com', '9451531796', '1974-02-15 13:29:20', '2003-05-15 09:20:34', 0),
('58', 'Maggie', 'Champlin', '6', 'annamae.kassulke@example.org', '9170566737', '1993-09-18 12:55:10', '1975-11-25 13:58:00', 0),
('59', 'Drew', 'Wiza', '8', 'dtowne@example.org', '9882245666', '1974-03-20 17:28:14', '1997-02-09 20:21:15', 0),
('60', 'Aylin', 'Daugherty', '10', 'crystel06@example.com', '9085625700', '1973-10-22 05:56:11', '1993-08-12 10:13:29', 1),
('61', 'Wilhelmine', 'Hermiston', '11', 'tpurdy@example.com', '9403162474', '2003-06-06 15:56:42', '1996-03-21 15:09:05', 1),
('62', 'Gunner', 'Dickens', '9', 'leila66@example.com', '9258711012', '1986-04-05 03:55:25', '1979-12-21 18:21:25', 0),
('63', 'Gerson', 'Harber', '5', 'barrows.ocie@example.com', '9902544401', '2008-06-13 04:49:45', '1976-09-12 09:00:58', 1),
('64', 'Herta', 'Gleason', '2', 'maggie.gottlieb@example.org', '9652586223', '2000-02-13 07:01:03', '2014-11-09 22:34:27', 0),
('65', 'Oswald', 'Cruickshank', '8', 'hegmann.brandon@example.org', '9534045994', '1978-06-13 05:48:49', '1971-08-08 10:23:10', 0),
('66', 'Jeff', 'Runte', '3', 'bmurazik@example.org', '9280251976', '1994-08-28 05:49:17', '2017-05-21 15:01:13', 1),
('67', 'Yessenia', 'Oberbrunner', '10', 'heloise84@example.org', '9080083724', '2013-01-08 15:48:55', '2005-09-16 04:44:55', 0),
('68', 'Angela', 'Bartoletti', '5', 'neva.stiedemann@example.net', '9319160064', '2003-10-07 10:13:06', '1993-04-01 14:52:14', 0),
('69', 'Gwen', 'Balistreri', '7', 'laverne.hagenes@example.org', '9241483479', '1990-04-02 08:44:03', '2020-06-05 05:37:11', 1),
('70', 'Russel', 'Farrell', '8', 'kris.amelie@example.com', '9412617130', '1973-02-22 13:29:32', '2021-01-23 07:50:09', 0),
('71', 'Braeden', 'Haag', '2', 'stehr.maureen@example.com', '9563317934', '2021-05-26 03:09:50', '2010-10-23 23:26:21', 0),
('72', 'Holly', 'Stiedemann', '8', 'aniyah49@example.net', '9896107336', '1976-03-26 22:21:08', '1970-07-23 00:24:58', 0),
('73', 'D\'angelo', 'Reinger', '5', 'apfannerstill@example.org', '9422901711', '1993-05-30 11:15:46', '2006-11-25 07:00:37', 1),
('74', 'Fernando', 'Cruickshank', '3', 'hudson.woodrow@example.net', '9483477470', '2016-03-27 13:25:19', '2000-04-26 13:00:23', 1),
('75', 'Ayla', 'Cassin', '11', 'vwunsch@example.net', '9906052878', '2018-12-17 16:12:34', '1984-03-15 08:00:00', 0),
('76', 'Edna', 'Carter', 1, 'verla30@example.net', '9738637330', '1979-09-10 15:24:13', '1976-12-16 23:19:04', 1),
('77', 'Terrell', 'Konopelski', '9', 'dangelo67@example.org', '9911236857', '1978-07-29 00:59:54', '1990-08-03 13:46:28', 0),
('78', 'Elian', 'Cartwright', '7', 'opadberg@example.org', '9838264331', '2014-06-29 10:47:21', '1970-03-18 08:13:50', 1),
('79', 'Stuart', 'Gusikowski', '8', 'rahul65@example.net', '9452326358', '1993-10-17 08:49:31', '2018-08-22 12:58:31', 1),
('80', 'Wendell', 'Simonis', '2', 'heathcote.opal@example.com', '9139633467', '2008-06-12 18:48:03', '1982-07-20 21:49:20', 1),
('81', 'Hobart', 'Tremblay', '8', 'zrunte@example.net', '9210176055', '1992-02-09 05:43:50', '1980-06-05 19:54:26', 1),
('82', 'Milton', 'Wolf', '7', 'concepcion.harris@example.com', '9918480579', '2002-05-23 20:08:29', '1996-09-07 11:06:26', 0),
('83', 'Bradley', 'Botsford', '4', 'zsenger@example.com', '9068807635', '1978-10-02 09:45:29', '1970-09-15 12:18:11', 1),
('84', 'Ethelyn', 'McKenzie', '11', 'herman.kathleen@example.com', '9227516531', '1983-09-15 23:24:39', '1999-07-04 15:59:01', 0),
('85', 'Mariana', 'Bins', '11', 'mrodriguez@example.net', '9197115605', '1994-06-12 12:41:46', '2005-04-22 06:14:21', 1),
('86', 'Hal', 'Rau', '7', 'rcremin@example.com', '9890265850', '1988-06-30 23:49:01', '2016-11-26 22:27:03', 1),
('87', 'Golda', 'Hermiston', '5', 'regan20@example.net', '9875984373', '2002-12-30 22:18:50', '2005-10-20 19:33:21', 1),
('88', 'Julianne', 'Mills', '4', 'hal41@example.org', '9381023720', '2005-12-25 19:56:48', '2015-01-15 10:06:30', 0),
('89', 'Thea', 'Kilback', 1, 'rmedhurst@example.com', '9583514002', '1992-08-14 09:59:27', '1970-01-28 18:15:59', 0),
('90', 'Jaylen', 'Swaniawski', '2', 'vmurray@example.net', '9593515964', '2006-06-09 19:51:31', '1978-06-29 19:33:28', 0),
('91', 'Jameson', 'DuBuque', '2', 'adrian.wyman@example.com', '9749141312', '2002-08-15 20:02:29', '1982-11-03 14:04:38', 1),
('92', 'Silas', 'Runte', '11', 'hegmann.earl@example.org', '9412573721', '1998-08-31 08:54:07', '2003-07-29 05:46:14', 1),
('93', 'Shania', 'Morissette', '10', 'zmante@example.org', '9690521713', '1994-05-24 17:43:05', '1997-08-05 09:32:11', 0),
('94', 'Gail', 'Labadie', '7', 'satterfield.wade@example.com', '9553789885', '1991-03-24 12:08:22', '2019-02-21 22:59:37', 0),
('95', 'Jermey', 'Carroll', '2', 'benny86@example.net', '9382823739', '2015-11-11 00:24:52', '1986-07-27 10:19:50', 0),
('96', 'Hilma', 'Hoeger', '6', 'eric00@example.net', '9598327035', '1984-10-31 17:36:59', '1979-07-12 06:05:05', 1),
('97', 'Frederique', 'Kiehn', '9', 'austyn62@example.org', '9712809167', '1987-07-31 19:57:17', '1995-02-16 18:13:57', 1),
('98', 'Damon', 'Howell', 1, 'xwaters@example.com', '9076677671', '2009-09-09 08:04:35', '2002-12-31 01:18:16', 0),
('99', 'Tressa', 'Nitzsche', '11', 'kaia.o\'keefe@example.com', '9304555720', '1997-08-09 02:02:17', '1979-04-16 17:15:26', 1),
('100', 'Ivah', 'Fay', '4', 'kshlerin.izaiah@example.com', '9474151236', '1981-06-16 19:28:56', '1990-12-13 00:17:28', 0);



DROP TABLE IF EXISTS professors;
CREATE TABLE professors (
  id SERIAL PRIMARY KEY,
  firstname varchar(50) NOT NULL,
  lastname varchar(50) NOT NULL,
  faculties_id BIGINT UNSIGNED NOT NULL,
  email VARCHAR(200) UNIQUE NOT NULL,
  phone BIGINT UNSIGNED UNIQUE NOT NULL,
  is_deleted bit default 0,
  INDEX index_user_name(firstname,lastname),
  FOREIGN KEY (faculties_id) REFERENCES faculties(id) ON UPDATE CASCADE ON DELETE CASCADE
);


INSERT INTO `professors` (`id`, `firstname`, `lastname`, `faculties_id`, `email`, `phone`, `is_deleted`) 
VALUES (1, 'Kellen', 'Mueller', '8', 'taylor09@example.org', '9409722701', 1),
('2', 'Henri', 'Bogisich', '2', 'adams.hunter@example.com', '9863894080', 0),
('3', 'Ansel', 'Zulauf', 1, 'vivian32@example.com', '9543005298', 0),
('4', 'Margret', 'Larkin', '2', 'corwin.madie@example.net', '9458121197', 0),
('5', 'Cicero', 'Lemke', '5', 'tsatterfield@example.net', '9278422731', 0),
('6', 'Bernice', 'Padberg', '11', 'purdy.colten@example.net', '9752578454', 1),
('7', 'Naomie', 'Schultz', '2', 'ygislason@example.com', '9738389122', 1),
('8', 'Florida', 'Runte', '2', 'sgoyette@example.net', '9942969368', 0),
('9', 'Aniya', 'Johns', '7', 'fwintheiser@example.com', '9978857179', 1),
('10', 'Alberta', 'Daugherty', '10', 'zgutkowski@example.com', '9676631917', 0),
('11', 'Durward', 'Klein', '4', 'horacio45@example.com', '9133757059', 0),
('12', 'Rita', 'D\'Amore', '3', 'pjohnson@example.com', '9072181494', 0),
('13', 'Gladys', 'Moore', '6', 'qfeil@example.org', '9613614985', 1),
('14', 'Faustino', 'Osinski', '7', 'stuart.dickinson@example.net', '9798556640', 1),
('15', 'Luna', 'Wuckert', '3', 'zgreenfelder@example.com', '9270554832', 0),
('16', 'Alberta', 'Keeling', '5', 'block.hermann@example.com', '9580035875', 0),
('17', 'Jackeline', 'McCullough', '2', 'xweber@example.org', '9943687377', 0),
('18', 'Ashlynn', 'Bayer', '8', 'farrell.alexa@example.com', '9101626120', 1),
('19', 'Roscoe', 'Maggio', '8', 'okunze@example.com', '9271331702', 1),
('20', 'Margarett', 'Kertzmann', '3', 'bradtke.karson@example.net', '9589817199', 1),
('21', 'Hilma', 'Crona', '9', 'hickle.nash@example.net', '9002185037', 0),
('22', 'Augusta', 'Gutkowski', '10', 'tlittel@example.com', '9677744958', 0),
('23', 'Letha', 'Ernser', '2', 'jenkins.ines@example.net', '9589337645', 0),
('24', 'Rey', 'Borer', '7', 'leonardo.daugherty@example.org', '9570539758', 0),
('25', 'Mac', 'Sporer', '5', 'everett.gerhold@example.com', '9507986888', 1),
('26', 'Timmothy', 'Schuppe', '4', 'ymoore@example.org', '9658299039', 1),
('27', 'Brady', 'Emmerich', '2', 'monserrat.stroman@example.com', '9066223863', 1),
('28', 'Curt', 'Donnelly', '2', 'kenyon73@example.com', '9548757715', 1),
('29', 'Lavinia', 'Bergstrom', '4', 'justice35@example.net', '9618851635', 0),
('30', 'Garry', 'Anderson', '2', 'dayne.turner@example.net', '9509591663', 0),
('31', 'Travis', 'Shields', '6', 'cordelia93@example.com', '9486530039', 0),
('32', 'Rupert', 'Watsica', 1, 'cschinner@example.net', '9884858561', 0),
('33', 'Emely', 'Kemmer', '3', 'forest97@example.net', '9355819729', 1),
('34', 'Breanna', 'Nicolas', '6', 'mitchel54@example.com', '9294510865', 1),
('35', 'Dana', 'Considine', '3', 'colby.romaguera@example.net', '9683412059', 1),
('36', 'Talon', 'Robel', '7', 'raul34@example.com', '9952525398', 1),
('37', 'Andre', 'Ankunding', '6', 'gnader@example.net', '9447071677', 1),
('38', 'Darryl', 'Herzog', '5', 'christiansen.stefanie@example.org', '9185081521', 0),
('39', 'Eula', 'Gutkowski', '8', 'gibson.lonzo@example.org', '9814354432', 0),
('40', 'Electa', 'Pagac', 1, 'charlene78@example.org', '9515339489', 1),
('41', 'Jovany', 'Rowe', '3', 'alphonso95@example.net', '9983072755', 1),
('42', 'Moriah', 'McGlynn', 1, 'qheathcote@example.org', '9712168647', 1),
('43', 'Vivianne', 'Lehner', '4', 'dwisoky@example.net', '9703363102', 0),
('44', 'Davonte', 'Gerhold', '9', 'qrenner@example.net', '9909190198', 0),
('45', 'Skylar', 'Morar', '7', 'robert49@example.org', '9206322273', 1),
('46', 'Ivory', 'Hettinger', '7', 'ybernier@example.net', '9620878320', 1),
('47', 'Trey', 'Spinka', '2', 'wuckert.cameron@example.com', '9121467240', 1),
('48', 'Karina', 'Kohler', '9', 'humberto74@example.net', '9106607717', 0),
('49', 'Timmy', 'Hermiston', '3', 'emile57@example.net', '9892384325', 0),
('50', 'Tristin', 'Quigley', '10', 'horacio.sauer@example.net', '9659116302', 0),
('51', 'Violet', 'Beier', '11', 'jharvey@example.net', '9804143731', 1),
('52', 'Ashleigh', 'Lubowitz', 1, 'conroy.murl@example.com', '9745654048', 0),
('53', 'Boris', 'Lubowitz', '9', 'eliza.lehner@example.com', '9009282479', 0),
('54', 'Erika', 'Fahey', '2', 'dpfannerstill@example.org', '9885570353', 0),
('55', 'Taya', 'Schmeler', '8', 'moore.imani@example.net', '9046672530', 0),
('56', 'Vicky', 'Hirthe', '2', 'zklein@example.org', '9202314813', 1),
('57', 'Katharina', 'Funk', '5', 'blittel@example.org', '9051921017', 0),
('58', 'Hugh', 'Harber', '9', 'zroberts@example.com', '9799470298', 1),
('59', 'Eva', 'McKenzie', '3', 'tschowalter@example.net', '9536953855', 0),
('60', 'Raul', 'Predovic', '9', 'mtremblay@example.com', '9285049028', 0),
('61', 'Lauren', 'Gibson', '10', 'gblock@example.net', '9777047687', 0),
('62', 'Zechariah', 'Nikolaus', '9', 'duncan.schaefer@example.org', '9810466234', 0),
('63', 'Neva', 'O\'Reilly', '9', 'ystoltenberg@example.com', '9852846294', 1),
('64', 'Dereck', 'McClure', '2', 'qmayert@example.org', '9196341597', 0),
('65', 'Juana', 'Parker', '3', 'zjacobson@example.net', '9884545303', 0),
('66', 'Eusebio', 'Keebler', 1, 'vschinner@example.com', '9135570365', 0),
('67', 'Katharina', 'Davis', '8', 'zrice@example.net', '9252625522', 1),
('68', 'Cornelius', 'Boehm', '8', 'jacques93@example.org', '9386742687', 0),
('69', 'Eusebio', 'Gulgowski', '5', 'deonte.pouros@example.org', '9957644045', 1),
('70', 'Ruby', 'Cummings', '5', 'amya.moore@example.com', '9661153728', 1),
('71', 'Madisen', 'Graham', '9', 'lschoen@example.org', '9001915094', 0),
('72', 'Jana', 'Block', '8', 'stamm.oda@example.org', '9747699617', 0),
('73', 'Alena', 'Koelpin', '5', 'isom.schneider@example.com', '9961215371', 0),
('74', 'Tabitha', 'Kozey', '2', 'fgrady@example.net', '9172425466', 1),
('75', 'Raphael', 'Lakin', '5', 'jpowlowski@example.org', '9438678671', 0),
('76', 'Houston', 'Sauer', 1, 'lavinia54@example.com', '9878722572', 0),
('77', 'Thad', 'Powlowski', '8', 'harvey.nienow@example.com', '9107726628', 0),
('78', 'Lew', 'Hegmann', '6', 'shakira.kreiger@example.net', '9600436649', 0),
('79', 'Della', 'Ondricka', '9', 'eudora36@example.net', '9897173151', 0),
('80', 'Rowena', 'Sanford', '10', 'hokuneva@example.net', '9145271955', 0),
('81', 'Dell', 'Ritchie', '5', 'frederik85@example.net', '9699715047', 1),
('82', 'Karelle', 'Marks', '8', 'lind.chesley@example.com', '9596113616', 0),
('83', 'Finn', 'Heathcote', '11', 'kozey.darien@example.net', '9695513808', 1),
('84', 'Annamae', 'Abernathy', '2', 'destin.stamm@example.org', '9536673943', 0),
('85', 'Fay', 'Kessler', '9', 'vivienne97@example.com', '9229252480', 0),
('86', 'Hadley', 'VonRueden', '7', 'sgleason@example.net', '9437472294', 1),
('87', 'Baron', 'Jaskolski', '4', 'billie18@example.com', '9974182304', 0),
('88', 'Adalberto', 'Hills', '3', 'kaylin.bosco@example.org', '9603419396', 1),
('89', 'Emely', 'Hahn', '4', 'fritz42@example.com', '9777213564', 1),
('90', 'Caleigh', 'Fadel', '6', 'jrolfson@example.org', '9036493322', 0),
('91', 'Murphy', 'McKenzie', '11', 'yeffertz@example.org', '9853651383', 0),
('92', 'Eleanore', 'Wiegand', '3', 'jkuphal@example.com', '9311216425', 0),
('93', 'Clemens', 'Trantow', '3', 'harvey.makenna@example.net', '9958271374', 0),
('94', 'Tessie', 'Blanda', '9', 'wunsch.marco@example.org', '9749556847', 0),
('95', 'Blaise', 'Jacobs', '5', 'stephania.dietrich@example.org', '9571838802', 0),
('96', 'Anne', 'Quigley', '6', 'omari.funk@example.com', '9208149853', 0),
('97', 'Marlee', 'Kassulke', '9', 'ernest.murphy@example.net', '9268560220', 0),
('98', 'Rebeca', 'Johnson', 1, 'davonte.kunde@example.org', '9147604083', 0),
('99', 'Furman', 'Gottlieb', '2', 'ocie.dietrich@example.org', '9598137538', 0),
('100', 'Ova', 'Brekke', '3', 'carleton.baumbach@example.org', '9034401626', 0);


ALTER TABLE faculties ADD CONSTRAINT dean_id
    FOREIGN KEY (dean_id) REFERENCES professors(id)
    ON UPDATE CASCADE ON DELETE CASCADE;

DROP TABLE IF EXISTS `profiles`;
CREATE TABLE `profiles` (
	student_id SERIAL PRIMARY KEY,
    gender CHAR(1),
    birthday DATE,
	hometown VARCHAR(100),
    FOREIGN KEY (student_id) REFERENCES students(id) ON UPDATE CASCADE ON DELETE CASCADE
);


INSERT INTO `profiles` (`student_id`, `gender`, `birthday`, `hometown`)
VALUES ('1', 'm', '1986-09-24', 'West Dexter'),
('2', 'm', '2006-12-14', 'West Reecestad'),
('3', 'm', '1987-05-06', 'East Rosamond'),
('4', 'm', '2014-03-12', 'East Chynaview'),
('5', 'f', '2000-09-22', 'Lake Ianfurt'),
('6', 'm', '1993-03-27', 'Budville'),
('7', 'f', '1999-12-01', 'West Josianne'),
('8', 'f', '1996-02-17', 'Wunschborough'),
('9', 'f', '2011-07-28', 'North Carsonville'),
('10', 'm', '1988-05-09', 'Effertzborough'),
('11', 'm', '1975-01-11', 'East Clementstad'),
('12', 'f', '1983-07-18', 'Andytown'),
('13', 'm', '2003-06-12', 'Kochton'),
('14', 'm', '2019-07-15', 'Amyhaven'),
('15', 'f', '1976-02-23', 'North Gersonfurt'),
('16', 'f', '1974-10-05', 'Ashaborough'),
('17', 'f', '1976-11-07', 'West Earline'),
('18', 'f', '2008-04-21', 'Ovahaven'),
('19', 'm', '2010-08-10', 'South Gonzalomouth'),
('20', 'm', '2000-05-01', 'South Verda'),
('21', 'f', '2001-12-01', 'Akeemshire'),
('22', 'm', '1987-10-29', 'North Theronmouth'),
('23', 'f', '1998-09-18', 'Farrellchester'),
('24', 'f', '1999-09-12', 'North Raeberg'),
('25', 'f', '2014-09-22', 'Zeldaburgh'),
('26', 'm', '1979-06-11', 'Hayesbury'),
('27', 'f', '2016-04-07', 'Port Jamarland'),
('28', 'm', '1970-11-04', 'Lake Tiffany'),
('29', 'm', '1970-11-02', 'South Codyhaven'),
('30', 'm', '2006-05-11', 'West Odiemouth'),
('31', 'm', '1991-03-12', 'East Marquis'),
('32', 'm', '2004-12-08', 'New Mustafaport'),
('33', 'm', '2009-03-31', 'New Dianatown'),
('34', 'f', '2007-05-22', 'Ariannachester'),
('35', 'm', '1981-03-20', 'Port Erwin'),
('36', 'f', '2013-08-28', 'New Rubie'),
('37', 'm', '2008-08-06', 'Mariettaville'),
('38', 'm', '2005-09-15', 'Greenfelderfurt'),
('39', 'm', '1996-07-28', 'North Helenabury'),
('40', 'm', '2020-03-07', 'North Elisa'),
('41', 'f', '2018-10-18', 'Hermistonmouth'),
('42', 'm', '1975-08-06', 'Albinashire'),
('43', 'f', '2005-04-16', 'South Berta'),
('44', 'f', '1972-06-01', 'Lake Elisabethberg'),
('45', 'f', '1977-01-12', 'Montybury'),
('46', 'f', '1981-06-09', 'South Brockview'),
('47', 'm', '2011-11-18', 'Port Itzelville'),
('48', 'm', '2006-07-14', 'Isaishire'),
('49', 'f', '2006-09-30', 'Marcelport'),
('50', 'f', '2018-03-18', 'Schuppemouth'),
('51', 'f', '1976-12-01', 'Fayborough'),
('52', 'f', '1973-08-16', 'Schroederstad'),
('53', 'm', '1979-11-27', 'West Wilfordland'),
('54', 'm', '2010-06-23', 'East Weldonshire'),
('55', 'f', '1970-03-21', 'Howellland'),
('56', 'm', '1995-05-19', 'Rutherfordborough'),
('57', 'm', '1974-05-11', 'Port Rosemary'),
('58', 'f', '2021-07-14', 'Humbertoview'),
('59', 'm', '1988-04-26', 'Lake Francis'),
('60', 'm', '2012-10-06', 'Aylaland'),
('61', 'm', '1970-05-01', 'Port Amina'),
('62', 'f', '2019-06-11', 'Hudsonshire'),
('63', 'f', '2018-05-25', 'North Kaciburgh'),
('64', 'f', '1992-06-07', 'Heathcoteview'),
('65', 'f', '2002-05-24', 'West Emilianomouth'),
('66', 'm', '1980-02-23', 'New Maeganbury'),
('67', 'f', '1987-12-22', 'Port Hortensechester'),
('68', 'm', '1997-09-02', 'Mullerview'),
('69', 'm', '1991-12-13', 'South Damionfort'),
('70', 'f', '1982-02-19', 'Sawaynfort'),
('71', 'm', '2004-06-05', 'Port Aisha'),
('72', 'm', '1975-01-24', 'Hagenesmouth'),
('73', 'f', '1986-09-23', 'West Princemouth'),
('74', 'f', '2000-03-07', 'North Emilefurt'),
('75', 'm', '2011-01-01', 'Devanville'),
('76', 'f', '1974-09-30', 'North Alvah'),
('77', 'm', '1978-09-23', 'Port Kenny'),
('78', 'f', '2014-10-30', 'North Osbaldochester'),
('79', 'f', '2009-05-19', 'Nikolausstad'),
('80', 'm', '2016-02-26', 'Conroyburgh'),
('81', 'm', '2020-05-06', 'Vandervortland'),
('82', 'm', '1972-10-16', 'South Amiya'),
('83', 'f', '2017-12-16', 'Weberborough'),
('84', 'm', '2004-06-11', 'Port Brock'),
('85', 'm', '1978-06-29', 'Lake Rubye'),
('86', 'm', '1992-03-05', 'Creminview'),
('87', 'f', '2019-04-14', 'West Jaydenfurt'),
('88', 'f', '1991-04-25', 'Port Hellentown'),
('89', 'm', '1974-11-18', 'East Adrianna'),
('90', 'm', '2021-09-12', 'West Micah'),
('91', 'f', '1985-05-02', 'South Christopherton'),
('92', 'f', '1975-05-01', 'Port Reece'),
('93', 'f', '1999-12-15', 'Bodeton'),
('94', 'f', '1971-04-17', 'Lake Albinton'),
('95', 'f', '2018-10-19', 'Lake Jermaine'),
('96', 'm', '1979-03-17', 'East Norvalland'),
('97', 'm', '1997-10-30', 'Amieville'),
('98', 'f', '1979-11-07', 'Tillmanborough'),
('99', 'f', '1973-11-02', 'Port Annie'),
('100', 'f', '2017-10-04', 'West Francescobury');


DROP TABLE IF EXISTS `groups`;
CREATE TABLE `groups`(
	id SERIAL PRIMARY KEY,
	name VARCHAR(150),
	praepostor_id BIGINT UNSIGNED,
	curator_id BIGINT UNSIGNED,
	INDEX group_name_idx(name),
	FOREIGN KEY (praepostor_id) REFERENCES students(id) ON UPDATE CASCADE ON DELETE SET NULL,
	FOREIGN KEY (curator_id) REFERENCES professors(id) ON UPDATE CASCADE ON DELETE SET NULL
);

INSERT INTO `groups`(id, name,praepostor_id,curator_id) VALUES
('1', '65-574', '49', '90'),
('2', '77-145', '83', '90'),
('3', '47-267', '100', '21'),
('4', '49-020', '91', '66'),
('5', '88-292', '75', '65'),
('6', '54-621', '56', '16'),
('7', '85-416', '34', '48'),
('8', '68-880', '31', '13'),
('9', '63-623', '5', '58'),
('10', '39-802', '34', '41'),
('11', '58-551', '12', '31'),
('12', '15-731', '67', '39'),
('13', '40-877', '8', '5'),
('14', '59-728', '86', '88'),
('15', '23-044', '12', '1'),
('16', '27-258', '7', '61'),
('17', '71-839', '90', '89'),
('18', '99-866', '51', '90'),
('19', '12-802', '10', '41'),
('20', '27-924', '56', '84');

DROP TABLE IF EXISTS students_group;
CREATE TABLE students_group(
	student_id BIGINT UNSIGNED NOT NULL,
	group_id BIGINT UNSIGNED NOT NULL,
  	PRIMARY KEY (student_id, group_id),
    FOREIGN KEY (student_id) REFERENCES students(id) ON UPDATE CASCADE ON DELETE CASCADE,
    FOREIGN KEY (group_id) REFERENCES `groups`(id) ON UPDATE CASCADE ON DELETE CASCADE
);


INSERT INTO `students_group` (`student_id`, `group_id`) VALUES ('2', '11'),
('3', '10'),
('3', '20'),
('4', '8'),
('4', '12'),
('5', '1'),
('5', '8'),
('5', '19'),
('6', '1'),
('10', '6'),
('10', '7'),
('10', '10'),
('12', '5'),
('12', '15'),
('13', '3'),
('15', '13'),
('15', '16'),
('20', '10'),
('21', '19'),
('22', '7'),
('23', '7'),
('26', '10'),
('27', '2'),
('28', '4'),
('32', '8'),
('34', '3'),
('38', '7'),
('40', '11'),
('41', '2'),
('42', '1'),
('42', '13'),
('43', '19'),
('44', '19'),
('45', '6'),
('45', '9'),
('47', '20'),
('49', '5'),
('49', '10'),
('50', '8'),
('51', '16'),
('52', '20'),
('53', '7'),
('54', '5'),
('55', '7'),
('56', '7'),
('57', '2'),
('57', '15'),
('58', '4'),
('58', '12'),
('60', '9'),
('60', '11'),
('60', '20'),
('61', '9'),
('61', '18'),
('62', '13'),
('63', '3'),
('65', '9'),
('66', '2'),
('67', '1'),
('68', '6'),
('70', '12'),
('70', '18'),
('71', '11'),
('73', '13'),
('74', '13'),
('75', '15'),
('76', '3'),
('76', '20'),
('78', '10'),
('78', '13'),
('78', '15'),
('79', '4'),
('79', '6'),
('79', '16'),
('81', '15'),
('81', '16'),
('83', '20'),
('84', '6'),
('84', '18'),
('86', '15'),
('87', '3'),
('88', '11'),
('90', '8'),
('91', '5'),
('91', '8'),
('92', '20'),
('93', '12'),
('94', '9'),
('95', '17'),
('95', '20'),
('96', '3'),
('96', '12'),
('96', '19'),
('98', '7'),
('98', '15'),
('98', '18'),
('99', '1');


DROP TABLE IF EXISTS subjects;
CREATE TABLE subjects(
	id SERIAL PRIMARY KEY,
	name VARCHAR(255) UNIQUE NOT NULL,
	abbreviation VARCHAR(150)UNIQUE NOT NULL
);

INSERT INTO `subjects` (`id`, `name`, `abbreviation`) VALUES ('1', 'Astronomy', 'ASTR'),
('2', 'Biology', 'BIOL'),
('3', 'Chemistry', 'CHEM'),
('4', 'Computer Science', 'CSCI'),
('5', 'Economics', 'ECON'),
('6', 'Environmental Science and Technology', 'EST'),
('7', 'History', 'HIST'),
('8', 'Physical Education', 'PHED'),
('9', 'Physics', 'PHYS'),
('10', 'Philosophy', 'PHIL'),
('11', 'Mathematics', 'MATH');


DROP TABLE IF EXISTS classrooms;
CREATE TABLE classrooms(
	id SERIAL PRIMARY KEY,
	faculties_id BIGINT UNSIGNED NOT NULL,
	adress VARCHAR(150) UNIQUE NOT NULL,
	FOREIGN KEY (faculties_id) REFERENCES faculties(id) ON UPDATE CASCADE ON DELETE CASCADE
);

INSERT INTO classrooms (id, faculties_id, adress) VALUES
('1', '10', '6-20'),
('2', '9', '6-72'),
('3', '10', '7-64'),
('4', '1', '4-42'),
('5', '7', '4-16'),
('6', '7', '6-83'),
('7', '7', '0-39'),
('8', '5', '0-40'),
('9', '10', '6-17'),
('10', '4', '5-02'),
('11', '1', '7-10'),
('12', '10', '9-92'),
('13', '8', '9-22'),
('14', '8', '0-44'),
('15', '1', '7-48'),
('16', '5', '7-23'),
('17', '11', '2-88'),
('18', '7', '8-59'),
('19', '6', '4-20'),
('20', '10', '8-90'),
('21', '2', '0-69'),
('22', '5', '8-15'),
('23', '9', '1-11'),
('24', '8', '7-07'),
('25', '2', '6-51'),
('26', '2', '3-49'),
('27', '3', '6-54'),
('28', '8', '4-96'),
('29', '6', '8-76'),
('30', '2', '9-11'),
('31', '10', '9-28'),
('32', '4', '4-44'),
('33', '11', '3-88'),
('34', '8', '7-99'),
('35', '4', '1-66'),
('36', '7', '3-81'),
('37', '4', '1-60'),
('38', '11', '8-25'),
('39', '11', '0-02'),
('40', '2', '3-40'),
('41', '3', '0-87'),
('42', '1', '9-05'),
('43', '11', '7-43'),
('44', '11', '0-28'),
('45', '8', '2-90'),
('46', '1', '7-03'),
('47', '4', '0-32'),
('48', '7', '7-69'),
('49', '7', '7-70'),
('50', '9', '4-25');


DROP TABLE IF EXISTS lessons;
CREATE TABLE lessons(
	id SERIAL PRIMARY KEY,
	lesson_date DATE NOT NULL,
	subject_id BIGINT UNSIGNED NOT NULL,
	group_id BIGINT UNSIGNED NOT NULL,
	professor_id BIGINT UNSIGNED NOT NULL,
  	classroom_id BIGINT UNSIGNED NOT NULL,
	FOREIGN KEY (subject_id) REFERENCES subjects(id) ON UPDATE CASCADE ON DELETE CASCADE,
    FOREIGN KEY (group_id) REFERENCES `groups`(id) ON UPDATE CASCADE ON DELETE CASCADE,
    FOREIGN KEY (professor_id) REFERENCES professors(id) ON UPDATE CASCADE ON DELETE CASCADE,
    FOREIGN KEY (classroom_id) REFERENCES classrooms(id) ON UPDATE CASCADE ON DELETE CASCADE
);

INSERT INTO `lessons` (`id`, `lesson_date`, `subject_id`, `group_id`, `professor_id`, `classroom_id`)
VALUES ('1', '1984-11-13', '2', '6', '98', '40'),
('2', '1993-12-08', '5', '7', '66', '6'),
('3', '2005-08-08', '10', '11', '68', '16'),
('4', '2020-08-21', '9', '16', '91', '23'),
('5', '2018-12-02', '1', '13', '60', '35'),
('6', '1980-08-11', '4', '7', '73', '31'),
('7', '2003-01-31', '6', '13', '46', '39'),
('8', '2015-07-07', '3', '8', '87', '16'),
('9', '1993-10-19', '7', '17', '11', '1'),
('10', '1979-12-04', '3', '16', '13', '5'),
('11', '1993-07-14', '4', '17', '39', '6'),
('12', '1973-08-27', '7', '6', '58', '30'),
('13', '1983-12-17', '11', '4', '29', '12'),
('14', '1998-02-24', '6', '1', '85', '49'),
('15', '2016-03-05', '8', '7', '74', '43'),
('16', '2000-11-04', '8', '13', '17', '16'),
('17', '2018-05-23', '5', '6', '32', '32'),
('18', '2012-01-16', '1', '9', '72', '17'),
('19', '2002-10-29', '3', '3', '46', '41'),
('20', '2010-09-21', '5', '1', '42', '17'),
('21', '2012-01-09', '3', '15', '57', '35'),
('22', '1988-06-29', '8', '9', '67', '19'),
('23', '2000-01-01', '8', '8', '23', '21'),
('24', '1983-11-26', '11', '8', '73', '23'),
('25', '2016-11-25', '8', '1', '8', '36'),
('26', '1986-11-12', '6', '16', '5', '37'),
('27', '2010-10-17', '10', '11', '56', '15'),
('28', '2005-08-08', '6', '20', '62', '37'),
('29', '2018-11-12', '8', '4', '43', '20'),
('30', '2013-12-13', '7', '2', '77', '16'),
('31', '1991-08-08', '6', '20', '72', '25'),
('32', '1980-09-23', '5', '9', '93', '4'),
('33', '1979-04-08', '6', '1', '79', '49'),
('34', '2005-01-20', '9', '17', '70', '35'),
('35', '1995-06-03', '4', '5', '98', '44'),
('36', '2010-01-17', '3', '12', '60', '45'),
('37', '2020-08-26', '9', '1', '29', '19'),
('38', '2001-06-04', '2', '2', '68', '30'),
('39', '1990-10-22', '1', '8', '7', '23'),
('40', '2014-07-17', '10', '20', '53', '16'),
('41', '2022-03-14', '11', '7', '27', '40'),
('42', '1999-09-16', '2', '20', '47', '24'),
('43', '1984-06-24', '3', '9', '34', '21'),
('44', '1993-03-04', '1', '19', '30', '41'),
('45', '1982-03-14', '11', '12', '18', '3'),
('46', '2002-05-27', '8', '17', '63', '35'),
('47', '1986-11-09', '3', '14', '15', '4'),
('48', '2018-03-22', '8', '14', '37', '34'),
('49', '1989-07-10', '11', '13', '45', '6'),
('50', '1989-09-08', '7', '19', '58', '39'),
('51', '1988-07-24', '4', '19', '19', '20'),
('52', '1970-05-28', '10', '10', '22', '40'),
('53', '1982-09-26', '1', '8', '83', '36'),
('54', '2015-05-09', '3', '10', '41', '24'),
('55', '1990-02-02', '2', '12', '54', '41'),
('56', '1993-10-28', '3', '19', '48', '10'),
('57', '1971-01-12', '6', '19', '29', '6'),
('58', '1999-12-14', '10', '18', '89', '10'),
('59', '1994-05-30', '9', '2', '60', '31'),
('60', '1982-11-06', '7', '17', '40', '32'),
('61', '1984-12-01', '3', '5', '34', '22'),
('62', '1987-09-21', '8', '15', '91', '41'),
('63', '1981-01-30', '4', '9', '64', '26'),
('64', '1971-11-07', '4', '3', '70', '44'),
('65', '2004-06-05', '1', '20', '98', '44'),
('66', '1999-10-06', '10', '18', '6', '31'),
('67', '1982-12-29', '11', '13', '21', '25'),
('68', '1994-06-09', '5', '12', '12', '32'),
('69', '1986-02-18', '10', '10', '7', '25'),
('70', '1995-05-26', '3', '20', '32', '25'),
('71', '1976-09-07', '5', '19', '2', '38'),
('72', '1997-06-17', '1', '15', '62', '5'),
('73', '2011-06-14', '8', '12', '95', '27'),
('74', '2015-02-01', '5', '20', '13', '20'),
('75', '1987-11-20', '8', '7', '88', '5'),
('76', '1999-02-25', '11', '20', '73', '38'),
('77', '1989-06-07', '5', '16', '25', '33'),
('78', '1999-08-07', '9', '12', '16', '9'),
('79', '1989-07-26', '6', '4', '92', '29'),
('80', '1988-09-06', '10', '11', '65', '28'),
('81', '2007-10-13', '2', '12', '8', '29'),
('82', '2018-05-06', '7', '5', '95', '11'),
('83', '1982-02-02', '6', '17', '31', '24'),
('84', '1994-06-26', '9', '1', '22', '14'),
('85', '2012-05-31', '9', '10', '93', '29'),
('86', '1985-09-13', '1', '2', '74', '27'),
('87', '1999-05-20', '3', '14', '9', '6'),
('88', '1999-02-20', '2', '15', '67', '15'),
('89', '1979-12-22', '4', '15', '86', '45'),
('90', '1981-07-16', '11', '16', '12', '24'),
('91', '2012-09-02', '7', '9', '94', '22'),
('92', '2022-06-13', '5', '3', '71', '14'),
('93', '1979-12-17', '7', '13', '84', '32'),
('94', '1998-04-08', '8', '12', '15', '47'),
('95', '2013-10-29', '3', '5', '5', '21'),
('96', '2016-09-11', '11', '15', '69', '15'),
('97', '2012-02-17', '5', '11', '19', '20'),
('98', '1975-09-04', '4', '7', '87', '48'),
('99', '2011-05-22', '8', '17', '40', '9'),
('100', '1996-08-04', '11', '3', '44', '28');



DROP TABLE IF EXISTS marks;
CREATE TABLE marks(
	mark INT UNSIGNED NOT NULL,
	subject_id BIGINT UNSIGNED NOT NULL,
	student_id BIGINT UNSIGNED NOT NULL,
	professor_id BIGINT UNSIGNED NOT NULL,
  	created_at DATETIME DEFAULT CURRENT_TIMESTAMP,
  	updated_at DATETIME DEFAULT CURRENT_TIMESTAMP,
	PRIMARY KEY (student_id, subject_id),
    FOREIGN KEY (subject_id) REFERENCES subjects(id) ON UPDATE CASCADE ON DELETE CASCADE,
    FOREIGN KEY (student_id) REFERENCES students(id) ON UPDATE CASCADE ON DELETE CASCADE,
    FOREIGN KEY (professor_id) REFERENCES professors(id) ON UPDATE CASCADE ON DELETE CASCADE
);


INSERT INTO `marks` (`mark`, `subject_id`, `student_id`, `professor_id`, `created_at`, `updated_at`)
VALUES (4, '3', '1', '70', '2010-04-24 11:20:07', '1982-11-22 03:32:38'),
(4, '8', '1', '17', '2008-04-05 23:52:07', '1979-02-19 18:21:26'),
(3, '11', '1', '7', '2011-05-11 14:11:59', '2017-11-21 16:32:18'),
(5, '9', '2', '4', '1994-12-21 20:19:14', '1983-03-30 07:23:59'),
(3, '2', '4', '23', '1997-03-12 22:44:07', '2008-10-30 14:33:40'),
(3, '7', '4', '87', '1973-08-10 22:43:03', '2008-10-25 23:31:10'),
(3, '1', '5', '88', '1989-10-05 21:33:51', '2000-11-23 03:51:51'),
(4, '7', '5', '72', '2015-04-19 04:59:06', '2015-11-22 05:36:35'),
(4, '7', '6', '30', '1998-01-05 13:22:55', '1980-06-18 23:43:36'),
(3, '11', '6', '31', '1991-05-18 15:11:24', '1995-08-30 23:23:00'),
(3, '11', '8', '38', '2001-03-12 13:45:49', '2012-08-22 05:12:52'),
(4, '2', '9', '27', '2001-04-18 19:26:22', '1984-10-04 04:19:28'),
(5, '5', '9', '57', '1988-07-31 20:54:42', '1988-04-05 03:52:32'),
(3, '6', '9', '43', '2002-04-11 03:04:00', '1989-01-03 06:14:09'),
(3, '5', '10', '33', '1998-11-14 23:41:10', '1973-08-10 15:35:13'),
(4, '4', '12', '12', '1992-05-16 08:16:14', '1976-05-31 10:21:38'),
(5, '6', '12', '25', '1989-03-18 18:00:15', '1996-07-18 22:40:48'),
(3, '9', '12', '68', '1992-10-21 02:19:30', '1989-09-09 20:48:58'),
(3, '1', '16', '61', '1974-10-08 21:01:36', '2016-11-29 08:35:22'),
(2, '9', '16', '47', '1992-08-27 02:55:46', '1982-03-20 14:34:17'),
(5, '2', '18', '82', '1982-02-19 14:17:52', '2015-04-02 06:32:47'),
(3, '3', '19', '9', '2021-05-25 10:10:59', '2011-10-28 09:14:34'),
(5, '8', '19', '56', '1972-05-07 13:26:20', '1975-03-06 13:29:34'),
(3, '2', '20', '16', '1979-08-16 21:58:25', '1987-05-27 06:53:58'),
(3, '9', '22', '17', '2016-11-23 20:55:03', '1971-08-03 12:01:31'),
(4, '2', '24', '93', '1978-08-01 00:39:22', '2009-03-30 18:04:25'),
(5, '3', '26', '94', '1981-06-27 11:59:12', '1982-05-25 07:27:35'),
(2, '6', '27', '14', '1975-11-25 13:10:11', '2007-11-07 16:36:18'),
(2, '4', '28', '61', '1988-12-21 08:44:56', '2019-01-14 20:01:17'),
(4, '9', '28', '19', '1996-02-24 11:50:11', '2003-06-06 17:35:16'),
(2, '2', '29', '29', '1984-03-01 13:03:49', '1970-11-01 13:35:18'),
(2, '7', '29', '5', '1974-06-03 23:02:21', '2021-11-06 10:15:30'),
(5, '2', '33', '26', '1983-09-23 09:05:17', '2006-01-27 20:47:51'),
(2, '11', '33', '84', '1976-03-22 00:54:27', '1993-06-12 12:56:54'),
(5, '11', '35', '30', '1995-02-22 12:26:22', '1982-09-14 23:43:55'),
(3, '2', '36', '86', '2008-10-10 09:52:08', '2006-05-10 02:09:47'),
(4, '5', '37', '32', '2018-01-22 22:06:02', '1982-02-22 20:49:08'),
(4, '9', '38', '32', '2017-09-15 16:35:15', '2008-07-05 03:17:06'),
(3, '7', '41', '21', '1975-12-23 17:45:57', '1985-03-20 17:41:29'),
(4, '4', '42', '61', '1978-11-01 08:00:07', '1993-11-22 04:15:53'),
(3, '7', '43', '80', '2010-11-19 16:40:45', '1983-05-24 02:40:52'),
(5, '8', '43', '23', '2010-10-05 17:48:47', '2001-10-08 04:34:35'),
(5, '8', '44', '74', '2014-11-19 03:28:49', '1973-12-14 21:24:16'),
(2, '3', '45', '35', '1995-11-14 18:52:46', '1985-07-31 05:32:07'),
(4, '8', '46', '14', '2001-10-17 10:06:51', '1972-08-02 18:40:54'),
(4, '4', '47', '8', '2011-11-22 11:05:35', '2011-05-01 07:41:37'),
(3, '10', '48', '72', '2007-09-15 12:53:05', '1982-07-29 07:27:49'),
(3, '2', '49', '39', '2002-11-27 09:12:36', '1984-02-04 20:10:36'),
(4, '5', '49', '54', '1988-05-30 15:27:41', '1973-02-16 22:16:06'),
(5, '5', '51', '57', '1997-09-22 08:31:27', '1992-05-25 22:27:29'),
(4, '7', '52', '65', '1974-02-06 04:50:45', '2003-01-18 21:41:12'),
(4, '8', '53', '79', '1974-02-08 03:54:02', '2018-06-19 14:54:00'),
(4, '2', '55', '28', '1994-09-20 16:42:58', '2015-06-23 04:33:15'),
(3, '1', '56', '49', '1991-05-13 06:44:02', '2014-03-19 05:54:49'),
(2, '8', '56', '53', '2000-04-10 03:31:02', '1990-05-31 00:46:47'),
(3, '3', '58', '8', '1987-02-13 12:40:30', '2005-06-23 03:22:25'),
(5, '6', '61', '23', '2021-05-09 00:19:24', '2001-06-17 14:04:08'),
(5, '5', '63', '37', '2000-03-29 17:50:36', '2021-03-11 11:36:34'),
(4, '8', '63', '5', '1975-05-18 01:24:48', '2015-02-01 07:16:54'),
(5, '8', '64', '30', '1972-02-01 06:52:32', '1971-11-11 03:40:18'),
(4, '7', '65', '58', '1993-11-13 09:09:49', '2015-12-08 15:20:20'),
(5, '10', '65', '68', '2002-11-18 17:07:48', '2020-01-12 06:29:18'),
(2, '4', '67', '78', '1982-03-30 13:59:56', '1993-12-01 09:04:11'),
(2, '5', '68', '20', '1995-08-24 12:20:58', '2011-03-13 14:20:43'),
(4, '4', '69', '46', '1988-06-18 00:55:42', '1978-07-12 15:34:30'),
(3, '6', '69', '15', '2010-07-01 12:47:57', '1980-03-17 22:23:48'),
(5, '5', '70', '42', '1970-02-06 14:33:27', '2010-11-03 17:10:03'),
(2, '11', '70', '87', '2013-01-02 02:12:37', '2006-08-23 16:05:54'),
(5, '7', '72', '1', '1985-10-27 03:02:55', '2001-02-14 04:15:50'),
(4, '6', '75', '62', '1992-05-27 09:07:18', '1988-09-07 02:59:51'),
(4, '4', '78', '68', '2012-04-11 15:47:16', '1987-06-23 06:20:58'),
(2, '7', '81', '24', '2007-01-14 02:09:39', '1972-05-23 20:56:46'),
(2, '7', '82', '40', '2006-01-26 11:10:59', '1996-04-15 06:10:33'),
(3, '4', '83', '32', '1996-09-13 09:30:56', '1980-04-15 08:36:22'),
(3, '8', '83', '77', '1995-01-02 19:08:12', '2000-02-08 07:43:54'),
(3, '10', '84', '96', '2013-10-25 09:27:10', '2021-11-15 05:08:56'),
(3, '1', '85', '67', '1974-02-03 08:59:27', '2009-05-10 21:15:51'),
(5, '5', '86', '33', '1991-12-10 11:14:58', '2000-05-16 01:01:37'),
(3, '11', '86', '7', '2019-09-08 16:20:12', '1982-01-29 12:02:37'),
(4, '2', '87', '61', '2020-07-31 10:40:54', '1978-09-13 01:41:49'),
(3, '6', '87', '65', '1987-03-18 09:28:48', '2017-05-01 04:23:24'),
(3, '10', '87', '31', '2005-04-25 21:45:09', '2021-07-14 20:53:49'),
(2, '2', '91', '12', '2022-06-13 01:42:30', '1985-12-18 20:20:44'),
(4, '3', '91', '48', '2019-07-24 03:28:38', '2001-02-28 18:50:07'),
(2, '11', '91', '52', '1974-04-11 00:15:36', '1974-01-18 22:32:59'),
(4, '11', '93', '85', '2002-07-29 01:47:36', '1988-12-23 16:39:46'),
(2, '3', '94', '11', '1998-11-09 10:41:02', '1978-10-19 11:56:03'),
(2, '5', '94', '73', '2015-08-09 11:45:51', '1981-01-17 13:27:34'),
(4, '8', '94', '53', '1995-05-08 05:15:55', '2007-01-25 08:56:45'),
(3, '6', '96', '22', '1977-02-06 14:56:45', '2006-08-05 19:28:48'),
(5, '8', '96', '20', '1980-07-18 20:02:41', '1974-07-23 07:37:31'),
(3, '9', '96', '71', '1983-07-07 11:55:57', '1984-03-08 13:35:26'),
(3, '10', '96', '68', '1974-04-17 04:33:06', '1990-10-29 23:27:19');

